{
  "id": "areatrigger_scripts",
  "compatibility": [
    "TrinityWrath", "TrinityCata"
  ],
  "name": "Areatrigger Scripts",
  "single_solution_name": "Areatrigger Scripts",
  "multi_solution_name": "Areatrigger Scripts",
  "description": "Allows for an area trigger to be scripted with a Script.",
  "table_name": "areatrigger_scripts",
  "table_index_name": "entry",
  "record_mode": "SingleRow",
  "skip_quick_load": true,
  "group_name": "Areatriggers",
  "icon_path": "Icons/document_areatrigger.png",
  "picker": "",
  "primary_key": [
    "entry"
  ],
  "groups": [
    {
      "group_name": "group",
      "fields": [
        {
          "name": "Entry",
          "db_column_name": "entry",
          "value_type": "AreaTriggerParameter",
          "preferred_width": 165.0
        },
        {
          "name": "Script Name",
          "db_column_name": "ScriptName",
          "value_type": "string",
          "preferred_width": 285.0
        }
      ]
    }
  ]
}