{
  "id": "battleground_template",
  "compatibility": [
    "TrinityWrath", "TrinityCata"
  ],
  "name": "Battleground Template",
  "single_solution_name": "Battleground Template",
  "multi_solution_name": "Battleground Template",
  "description": "Contains information about the different battlegrounds, like how many players are needed to start, how many can be inside the same one, and the locations where each side starts.",
  "table_name": "battleground_template",
  "table_index_name": "ID",
  "record_mode": "SingleRow",
  "skip_quick_load": true,
  "group_name": "PVP",
  "icon_path": "Icons/document_bg.png",
  "reload_command": "reload battleground_template",
  "primary_key": [
    "ID"
  ],
  "groups": [
    {
      "group_name": "group",
      "fields": [
        {
          "name": "Battleground",
          "db_column_name": "ID",
          "value_type": "BattlegroundParameter",
          "preferred_width": 205.0
        },
        {
          "name": "Min Players Per Team",
          "db_column_name": "MinPlayersPerTeam",
          "value_type": "uint",
          "zero_is_blank": true,
          "preferred_width": 155.0
        },
        {
          "name": "Max Players Per Team",
          "db_column_name": "MaxPlayersPerTeam",
          "value_type": "uint",
          "zero_is_blank": true,
          "preferred_width": 165.0
        },
        {
          "name": "Min Lvl",
          "db_column_name": "MinLvl",
          "value_type": "uint",
          "zero_is_blank": true,
          "preferred_width": 60.0
        },
        {
          "name": "Max Lvl",
          "db_column_name": "MaxLvl",
          "value_type": "uint",
          "zero_is_blank": true,
          "preferred_width": 65.0
        },
        {
          "name": "Alliance Start",
          "db_column_name": "AllianceStartLoc",
          "value_type": "WorldSafeLocParameter",
          "preferred_width": 120.0
        },
        {
          "name": "Alliance Start Orientation",
          "db_column_name": "AllianceStartO",
          "value_type": "float"
        },
        {
          "name": "Horde Start Loc",
          "db_column_name": "HordeStartLoc",
          "value_type": "WorldSafeLocParameter",
          "preferred_width": 150.0
        },
        {
          "name": "Horde Start Orientation",
          "db_column_name": "HordeStartO",
          "value_type": "float",
          "preferred_width": 115.0
        },
        {
          "name": "Start Max Dist",
          "db_column_name": "StartMaxDist",
          "value_type": "float",
          "preferred_width": 85.0
        },
        {
          "name": "RNG weight",
          "db_column_name": "Weight",
          "value_type": "uint",
          "default": 1,
          "preferred_width": 105.0
        },
        {
          "name": "Script Name",
          "db_column_name": "ScriptName",
          "value_type": "string",
          "default": ""
        },
        {
          "name": "Comment",
          "db_column_name": "Comment",
          "value_type": "string",
          "preferred_width": 210.0
        }
      ]
    }
  ]
}