{
  "id": "battlemaster_entry",
  "compatibility": [
    "TrinityWrath", "TrinityCata"
  ],
  "name": "Battlemaster Entry",
  "single_solution_name": "Battlemaster Entry",
  "multi_solution_name": "Battlemaster Entry",
  "description": "Holds information on which NPC can start what battleground or arena.",
  "table_name": "battlemaster_entry",
  "table_index_name": "entry",
  "record_mode": "SingleRow",
  "skip_quick_load": true,
  "group_name": "PVP",
  "icon_path": "Icons/document_bg.png",
  "primary_key": [
    "entry"
  ],
  "groups": [
    {
      "group_name": "group",
      "fields": [
        {
          "name": "NPC",
          "db_column_name": "entry",
          "value_type": "CreatureParameter",
          "preferred_width": 275.0
        },
        {
          "name": "Bg Template",
          "db_column_name": "bg_template",
          "value_type": "BattlegroundParameter",
          "preferred_width": 280.0
        }
      ]
    }
  ]
}