{
  "id": "creature_questender",
  "compatibility": [
    "TrinityWrath", "Azeroth", "TrinityMaster", "TrinityCata"
  ],
  "name": "Creature Quest Ender",
  "single_solution_name": "Creature {name} quest ender",
  "multi_solution_name": "Multiple creature quest ender",
  "description": "Holds NPC quest giver relations on which NPCs end which quests.",
  "table_name": "creature_questender",
  "table_index_name": "id",
  "record_mode": "MultiRecord",
  "icon_path": "Icons/document_questender.png",
  "reload_command": "reload creature_questender",
  "group_name": "Quests",
  "picker": "CreatureParameter",
  "primary_key": [
    "id",
    "quest"
  ],
  "groups": [
    {
      "group_name": "group",
      "fields": [
        {
          "name": "Id",
          "db_column_name": "id",
          "value_type": "CreatureParameter"
        },
        {
          "name": "Quest",
          "db_column_name": "quest",
          "value_type": "QuestParameter",
          "preferred_width": 300
        }
      ]
    }
  ]
}