{
  "id": "game_event_quest_condition",
  "compatibility": [
    "TrinityWrath", "TrinityCata"
  ],
  "name": "Game Event Quest Condition",
  "description": "This table contains the mapping of a quest in a world event to the condition that it will fulfill. It also contains how much a given quest will add to a condition once that quest is completed by a player.",
  "table_name": "game_event_quest_condition",
  "table_index_name": "quest",
  "record_mode": "SingleRow",
  "group_name": "Game events",
  "skip_quick_load": true,
  "icon_path": "Icons/document_gameevent.png",
  "primary_key": [
    "quest"
  ],
  "groups": [
    {
      "group_name": "group",
      "fields": [
        {
          "name": "Event Entry",
          "db_column_name": "eventEntry",
          "value_type": "GameEventParameter"
        },
        {
          "name": "Quest",
          "db_column_name": "quest",
          "value_type": "QuestParameter"
        },
        {
          "name": "Condition Id",
          "db_column_name": "condition_id",
          "value_type": "uint"
        },
        {
          "name": "Number of 'units'",
          "db_column_name": "num",
          "value_type": "float",
          "can_be_null": true
        }
      ]
    }
  ]
}