{
  "id": "game_event_gameobject",
  "compatibility": [
    "TrinityWrath", "TrinityCata"
  ],
  "name": "Game Event Gameobject",
  "single_solution_name": "Game Event Gameobject",
  "multi_solution_name": "Game Event Gameobject",
  "description": "Contains all gameobjects instances that participate to any game event.",
  "table_name": "game_event_gameobject",
  "table_index_name": "eventEntry",
  "record_mode": "SingleRow",
  "skip_quick_load": true,
  "group_name": "Game events",
  "icon_path": "Icons/document_gameevent.png",
  "primary_key": [
    "eventEntry",
    "guid"
  ],
  "groups": [
    {
      "group_name": "group",
      "fields": [
        {
          "name": "Event Entry",
          "db_column_name": "eventEntry",
          "value_type": "GameEventParameter",
          "preferred_width": 295.0
        },
        {
          "name": "Guid",
          "db_column_name": "guid",
          "value_type": "GameobjectGUIDParameter",
          "preferred_width": 220.0
        }
      ]
    }
  ]
}