{
  "id": "game_event_creature_quest",
  "compatibility": [
    "TrinityWrath", "TrinityCata"
  ],
  "name": "Game Event Creature Quest",
  "single_solution_name": "Game Event Creature Quest",
  "multi_solution_name": "Game Event Creature Quest",
  "description": "This table holds information on quests that should only be available when an event is currently taking place.",
  "table_name": "game_event_creature_quest",
  "table_index_name": "id",
  "record_mode": "SingleRow",
  "skip_quick_load": true,
  "group_name": "Game events",
  "icon_path": "Icons/document_gameevent.png",
  "primary_key": [
    "id",
    "quest"
  ],
  "groups": [
    {
      "group_name": "group",
      "fields": [
        {
          "name": "Event Entry",
          "db_column_name": "eventEntry",
          "value_type": "GameEventParameter",
          "preferred_width": 285.0
        },
        {
          "name": "Creature",
          "db_column_name": "id",
          "value_type": "CreatureParameter",
          "preferred_width": 310.0
        },
        {
          "name": "Quest",
          "db_column_name": "quest",
          "value_type": "QuestParameter",
          "preferred_width": 285.0
        }
      ]
    }
  ]
}