{
  "id": "game_event_arena_seasons",
  "compatibility": [
    "TrinityWrath", "TrinityCata"
  ],
  "name": "Game Event Arena Seasons",
  "single_solution_name": "Game Event Arena Seasons",
  "multi_solution_name": "Game Event Arena Seasons",
  "description": "This information comes from sniffs and is NOT supposed to be changed.",
  "table_name": "game_event_arena_seasons",
  "table_index_name": "eventEntry",
  "record_mode": "SingleRow",
  "skip_quick_load": true,
  "group_name": "Game events",
  "icon_path": "Icons/document_gameevent.png",
  "primary_key": [
    "eventEntry",
    "season"
  ],
  "groups": [
    {
      "group_name": "group",
      "fields": [
        {
          "name": "Event Entry",
          "db_column_name": "eventEntry",
          "value_type": "GameEventParameter",
          "preferred_width": 185.0
        },
        {
          "name": "Season (1-9)",
          "db_column_name": "season",
          "value_type": "uint",
          "preferred_width": 160.0
        }
      ]
    }
  ]
}