{
  "id": "gossip_menu_option",
  "compatibility": [
    "TrinityWrath", "Azeroth", "TrinityCata"
  ],
  "name": "Gossip Menu Option",
  "single_solution_name": "{key} gossip menu options",
  "multi_solution_name": "Multiple gossip menu options",
  "description": "Gossip menu options are possible choices when a player talk to the npc",
  "table_name": "gossip_menu_option",
  "table_index_name": "MenuID",
  "record_mode": "MultiRecord",
  "icon_path": "Icons/gossip.png",
  "reload_command": "reload gossip_menu_option",
  "picker": "GossipMenuParameter",
  "group_name": "Common scripting tables",
  "primary_key": [
    "MenuID",
    "OptionID"
  ],
  "sort_by": ["MenuID", "OptionID"],
  "commands": [
    {
      "command_id": "creatureTextToBroadcastId",
      "parameters": ["OptionText", "OptionBroadcastTextID"]
    }
  ],
  "conditions": {
    "source_type": 15,
    "source_group": "MenuID",
    "source_entry": "OptionID",
    "targets": [
      {
        "id": 0,
        "name": "player"
      },
      {
        "id": 1,
        "name": "gossip sender"
      }
    ]
  },
  "groups": [
    {
      "group_name": "group",
      "fields": [
        {
          "name": "Menu ID",
          "db_column_name": "MenuID",
          "value_type": "GossipMenuParameter",
          "preferred_width": 80,
          "read_only": true
        },
        {
          "name": "ID",
          "db_column_name": "OptionID",
          "value_type": "uint",
          "autoincrement": true,
          "preferred_width": 50
        },
        {
          "name": "Icon",
          "db_column_name": "OptionIcon",
          "value_type": "GossipIconParameter",
          "preferred_width": 110
        },
        {
          "name": "Text",
          "db_column_name": "OptionText",
          "value_type": "string",
          "can_be_null": true,
          "preferred_width": 200
        },
        {
          "name": "Broadcast Text",
          "db_column_name": "OptionBroadcastTextID",
          "value_type": "int"
        },
        {
          "name": "Type",
          "db_column_name": "OptionType",
          "default": 1,
          "value_type": "GossipOptionTypeParameter"
        },
        {
          "name": "Npc Flag",
          "db_column_name": "OptionNpcFlag",
          "default": 1,
          "value_type": "NpcFlagParameter"
        },
        {
          "name": "Submenu id",
          "db_column_name": "ActionMenuID",
          "value_type": "GossipMenuParameter",
          "zero_is_blank": true
        },
        {
          "is_condition": true,
          "name": "Conditions",
          "db_column_name": "conditions"
        },
        {
          "name": "Action Poi ID",
          "db_column_name": "ActionPoiID",
          "value_type": "uint",
          "zero_is_blank": true
        },
        {
          "name": "Box Coded",
          "db_column_name": "BoxCoded",
          "value_type": "uint",
          "zero_is_blank": true
        },
        {
          "name": "Box Money",
          "db_column_name": "BoxMoney",
          "value_type": "MoneyParameter",
          "zero_is_blank": true
        },
        {
          "name": "Box Text",
          "db_column_name": "BoxText",
          "value_type": "string",
          "can_be_null": true
        },
        {
          "name": "Box Broadcast Text ID",
          "db_column_name": "BoxBroadcastTextID",
          "value_type": "int",
          "zero_is_blank": true
        },
        {
          "name": "Verified Build",
          "db_column_name": "VerifiedBuild",
          "value_type": "int"
        }
      ]
    }
  ]
}