{
  "id": "instance_encounters",
  "compatibility": [
    "TrinityWrath", "TrinityCata"
  ],
  "name": "Instance Encounters",
  "single_solution_name": "Instance Encounters",
  "multi_solution_name": "Instance Encounters",
  "description": "Definitions of instance encounters. Used by LFG.",
  "table_name": "instance_encounters",
  "table_index_name": "entry",
  "record_mode": "SingleRow",
  "skip_quick_load": true,
  "group_name": "Instance",
  "picker": "",
  "primary_key": [
    "entry"
  ],
  "groups": [
    {
      "group_name": "group",
      "fields": [
        {
          "name": "Entry",
          "db_column_name": "entry",
          "value_type": "DungeonEncounterParameter",
          "preferred_width": 230.0
        },
        {
          "name": "Credit Type",
          "db_column_name": "creditType",
          "value_type": "EncounterCreditTypeParameter",
          "preferred_width": 150.0
        },
        {
          "name": "Credit Entry",
          "db_column_name": "creditEntry",
          "value_type": "InstanceEncounterCreatureSpellParameter",
          "preferred_width": 280.0
        },
        {
          "name": "Last Encounter Dungeon",
          "db_column_name": "lastEncounterDungeon",
          "value_type": "LFGDungeonParameter",
          "zero_is_blank": true,
          "preferred_width": 190.0
        },
        {
          "name": "Comment",
          "db_column_name": "comment",
          "value_type": "string",
          "default": ""
        }
      ]
    }
  ]
}