{
  "id": "pet_name_generation",
  "compatibility": [
    "TrinityWrath", "TrinityCata"
  ],
  "name": "Pet Name Generation",
  "single_solution_name": "Pet Name Generation",
  "multi_solution_name": "Pet Name Generation",
  "description": "This table holds pieces of names (first and last half) that are use for pet name generation.",
  "table_name": "pet_name_generation",
  "table_index_name": "id",
  "record_mode": "SingleRow",
  "skip_quick_load": true,
  "group_name": "Advanced",
  "reload_command": "reload pet_name_generation",
  "picker": "",
  "primary_key": [
    "id"
  ],
  "groups": [
    {
      "group_name": "group",
      "fields": [
        {
          "name": "Id",
          "db_column_name": "id",
          "value_type": "uint",
          "preferred_width": 50.0
        },
        {
          "name": "Word",
          "db_column_name": "word",
          "value_type": "string",
          "preferred_width": 130.0
        },
        {
          "name": "Entry",
          "db_column_name": "entry",
          "value_type": "CreatureParameter",
          "preferred_width": 130.0
        },
        {
          "name": "Half",
          "db_column_name": "half",
          "value_type": "PetNameGenerationHalfParameter",
          "preferred_width": 125.0
        }
      ]
    }
  ]
}