{
  "id": "player_factionchange_titles",
  "compatibility": [
    "TrinityWrath", "TrinityCata"
  ],
  "name": "Player Faction Change Titles",
  "single_solution_name": "Player Faction Change Titles",
  "multi_solution_name": "Player Faction Change Titles",
  "description": "Defines what titles should be converted to their faction specific counterparts when a player changes faction.",
  "table_name": "player_factionchange_titles",
  "table_index_name": "alliance_id",
  "record_mode": "SingleRow",
  "skip_quick_load": true,
  "group_name": "Faction changing",
  "icon_path": "Icons/document_faction_change.png",
  "picker": "Parameter",
  "primary_key": [
    "alliance_id",
    "horde_id"
  ],
  "groups": [
    {
      "group_name": "group",
      "fields": [
        {
          "name": "Alliance Title",
          "db_column_name": "alliance_id",
          "value_type": "CharTitleParameter",
          "preferred_width": 260.0
        },
        {
          "name": "Horde Title",
          "db_column_name": "horde_id",
          "value_type": "CharTitleParameter",
          "preferred_width": 315.0
        }
      ]
    }
  ]
}