{
  "id": "playercreateinfo_action",
  "compatibility": [
    "TrinityWrath", "TrinityCata"
  ],
  "name": "Player createinfo Action",
  "single_solution_name": "Player createinfo Action",
  "multi_solution_name": "Player createinfo Action",
  "description": "This table holds information on what default actions a brand new character should start out with. Each race-class combination can have a different default starting setup.",
  "table_name": "playercreateinfo_action",
  "table_index_name": "race",
  "record_mode": "SingleRow",
  "skip_quick_load": true,
  "group_name": "Player create info",
  "picker": "Parameter",
  "primary_key": [
    "race",
    "class",
    "button"
  ],
  "groups": [
    {
      "group_name": "group",
      "fields": [
        {
          "name": "Race",
          "db_column_name": "race",
          "value_type": "RaceParameter",
          "preferred_width": 120.0
        },
        {
          "name": "Class",
          "db_column_name": "class",
          "value_type": "ClassParameter",
          "preferred_width": 150.0
        },
        {
          "name": "Button",
          "db_column_name": "button",
          "value_type": "PlayercreateinfoActionButtonParameter",
          "preferred_width": 220.0
        },
        {
          "name": "Action",
          "db_column_name": "action",
          "value_type": "SpellParameter",
          "preferred_width": 215.0
        },
        {
          "name": "Type",
          "db_column_name": "type",
          "value_type": "PlayerCreateinfoActionTypeParameter"
        }
      ]
    }
  ]
}