{
  "id": "player_factionchange_quests",
  "compatibility": [
    "TrinityWrath", "TrinityCata"
  ],
  "name": "Player Faction Change Quests",
  "single_solution_name": "Player Faction Change Quests",
  "multi_solution_name": "Player Faction Change Quests",
  "description": "Defines what quests should be converted to their faction specific counterparts when a player changes faction.",
  "table_name": "player_factionchange_quests",
  "table_index_name": "alliance_id",
  "record_mode": "SingleRow",
  "skip_quick_load": true,
  "group_name": "Faction changing",
  "icon_path": "Icons/document_faction_change.png",
  "picker": "Parameter",
  "primary_key": [
    "alliance_id",
    "horde_id"
  ],
  "groups": [
    {
      "group_name": "group",
      "fields": [
        {
          "name": "Alliance Quest",
          "db_column_name": "alliance_id",
          "value_type": "QuestParameter",
          "preferred_width": 340.0
        },
        {
          "name": "Horde Quest",
          "db_column_name": "horde_id",
          "value_type": "QuestParameter",
          "preferred_width": 385.0
        }
      ]
    }
  ]
}