{
  "id": "playercreateinfo_spell_custom",
  "compatibility": [
    "TrinityWrath", "TrinityCata"
  ],
  "name": "Player createinfo Spell Custom",
  "single_solution_name": "Player createinfo Spell Custom",
  "multi_solution_name": "Player createinfo Spell Custom",
  "description": "This table holds information on what spells newly created characters should start out with if the PlayerStart.AllSpells setting in enabled in worldserver.conf",
  "table_name": "playercreateinfo_spell_custom",
  "table_index_name": "racemask",
  "record_mode": "SingleRow",
  "skip_quick_load": true,
  "group_name": "Player create info",
  "picker": "Parameter",
  "primary_key": [
    "racemask",
    "classmask",
    "Spell"
  ],
  "groups": [
    {
      "group_name": "group",
      "fields": [
        {
          "name": "Race Mask",
          "db_column_name": "racemask",
          "value_type": "RaceMaskParameter",
          "preferred_width": 115.0
        },
        {
          "name": "Class Mask",
          "db_column_name": "classmask",
          "value_type": "ClassMaskParameter",
          "preferred_width": 125.0
        },
        {
          "name": "Spell",
          "db_column_name": "Spell",
          "value_type": "SpellParameter",
          "preferred_width": 240.0
        },
        {
          "name": "Note",
          "db_column_name": "Note",
          "value_type": "string",
          "can_be_null": true,
          "preferred_width": 225.0
        }
      ]
    }
  ]
}