{
  "id": "playercreateinfo_item",
  "compatibility": [
    "TrinityWrath", "TrinityCata"
  ],
  "name": "Player createinfo Item",
  "single_solution_name": "Player createinfo Items",
  "multi_solution_name": "Player createinfo Items",
  "description": "This table is used for any custom items that you might want to give to characters on creation. I used to be used to hold the normal items that characters get as well, but now that info is read from CharStartOutfit.dbc",
  "table_name": "playercreateinfo_item",
  "table_index_name": "race",
  "record_mode": "SingleRow",
  "skip_quick_load": true,
  "group_name": "Player create info",
  "picker": "Parameter",
  "primary_key": [
    "race",
    "class",
    "itemid"
  ],
  "groups": [
    {
      "group_name": "group",
      "fields": [
        {
          "name": "Race",
          "db_column_name": "race",
          "value_type": "RaceParameter",
          "preferred_width": 220.0
        },
        {
          "name": "Class",
          "db_column_name": "class",
          "value_type": "ClassParameter",
          "preferred_width": 170.0
        },
        {
          "name": "Item",
          "db_column_name": "itemid",
          "value_type": "ItemParameter",
          "preferred_width": 325.0
        },
        {
          "name": "Amount",
          "db_column_name": "amount",
          "value_type": "int",
          "default": 1,
          "preferred_width": 185.0
        }
      ]
    }
  ]
}