{
  "id": "points_of_interest",
  "compatibility": [
    "TrinityWrath",
    "TrinityCata"
  ],
  "name": "Points Of Interest",
  "single_solution_name": "Points Of Interest",
  "multi_solution_name": "Points Of Interest",
  "description": "POI that can be displayed when user select an gossip option",
  "table_name": "points_of_interest",
  "table_index_name": "ID",
  "record_mode": "SingleRow",
  "icon_path": "Icons/document_point_of_interest.png",
  "reload_command": "reload points_of_interest",
  "picker": "Parameter",
  "primary_key": [
    "ID"
  ],
  "groups": [
    {
      "group_name": "group",
      "fields": [
        {
          "name": "ID",
          "db_column_name": "ID",
          "value_type": "uint"
        },
        {
          "name": "Position X",
          "db_column_name": "PositionX",
          "value_type": "float"
        },
        {
          "name": "Position Y",
          "db_column_name": "PositionY",
          "value_type": "float"
        },
        {
          "name": "Icon",
          "db_column_name": "Icon",
          "value_type": "uint",
          "preferred_width": 35.0
        },
        {
          "name": "Flags",
          "db_column_name": "Flags",
          "value_type": "uint",
          "preferred_width": 60.0
        },
        {
          "name": "Importance",
          "db_column_name": "Importance",
          "value_type": "uint",
          "preferred_width": 55.0
        },
        {
          "name": "Name",
          "db_column_name": "Name",
          "value_type": "string",
          "preferred_width": 220.0
        },
        {
          "name": "Verified Build",
          "db_column_name": "VerifiedBuild",
          "value_type": "int",
          "can_be_null": true
        }
      ]
    }
  ]
}