{
  "id": "quest_request_items",
  "compatibility": [
    "TrinityWrath", "TrinityCata"
  ],
  "name": "Quest Request Items",
  "single_solution_name": "Quest Request Items Table",
  "multi_solution_name": "Quest Request Items Table",
  "description": "This table basically handles 3 quest details: NPC Emote when quest is completed, NPC Emote when quest is incomplete, Completion text for quests requiring quest items",
  "table_name": "quest_request_items",
  "table_index_name": "ID",
  "record_mode": "SingleRow",
  "skip_quick_load": true,
  "group_name": "Quests",
  "reload_command": "reload quest_template",
  "icon_path": "Icons/document_quest.png",
  "picker": "QuestParameter",
  "primary_key": [
    "ID"
  ],
  "groups": [
    {
      "group_name": "group",
      "fields": [
        {
          "name": "ID",
          "db_column_name": "ID",
          "value_type": "QuestParameter",
          "preferred_width": 230.0
        },
        {
          "name": "Emote On Complete",
          "db_column_name": "EmoteOnComplete",
          "value_type": "EmoteParameter",
          "preferred_width": 190.0
        },
        {
          "name": "Emote On Incomplete",
          "db_column_name": "EmoteOnIncomplete",
          "value_type": "EmoteParameter",
          "preferred_width": 235.0
        },
        {
          "name": "Completion Text",
          "db_column_name": "CompletionText",
          "value_type": "string",
          "can_be_null": true,
          "preferred_width": 310.0
        },
        {
          "name": "Verified Build",
          "db_column_name": "VerifiedBuild",
          "value_type": "int"
        }
      ]
    }
  ]
}