{
  "id": "quest_mail_sender",
  "compatibility": [
    "TrinityWrath", "TrinityCata"
  ],
  "name": "Quest Mail Sender",
  "single_solution_name": "Quest Mail Sender Table",
  "multi_solution_name": "Quest Mail Sender Table",
  "description": "Defines the sender of quest mail reward",
  "table_name": "quest_mail_sender",
  "table_index_name": "QuestId",
  "record_mode": "SingleRow",
  "skip_quick_load": true,
  "group_name": "Quests",
  "icon_path": "Icons/document_quest.png",
  "reload_command": "reload quest_template",
  "picker": "QuestParameter",
  "primary_key": [
    "QuestId"
  ],
  "groups": [
    {
      "group_name": "group",
      "fields": [
        {
          "name": "Quest Id",
          "db_column_name": "QuestId",
          "value_type": "QuestParameter",
          "preferred_width": 290.0
        },
        {
          "name": "Reward Mail Sender Entry",
          "db_column_name": "RewardMailSenderEntry",
          "value_type": "CreatureParameter",
          "preferred_width": 205.0
        }
      ]
    }
  ]
}