{
  "id": "skill_discovery_template",
  "compatibility": [
    "TrinityWrath", "TrinityCata"
  ],
  "name": "Skill Discovery Template",
  "single_solution_name": "Skill Discovery Template",
  "multi_solution_name": "Skill Discovery Template",
  "description": "This table controls the so called \"discovery\" system of learning spells. This system is solely (pytanie) used by the alchemy profession and controls the chance for a player to \"discover\" another recipe while creating items with other recipes.",
  "table_name": "skill_discovery_template",
  "table_index_name": "spellId",
  "record_mode": "SingleRow",
  "skip_quick_load": true,
  "group_name": "Advanced",
  "icon_path": "Icons/document_table.png",
  "reload_command": "reload skill_discovery_template",
  "picker": "SpellParameter",
  "primary_key": [
    "spellId",
    "reqSpell"
  ],
  "groups": [
    {
      "group_name": "group",
      "fields": [
        {
          "name": "Spell Id",
          "db_column_name": "spellId",
          "value_type": "SpellParameter",
          "preferred_width": 385.0
        },
        {
          "name": "Req Spell",
          "db_column_name": "reqSpell",
          "value_type": "SpellParameter",
          "preferred_width": 120.0,
          "zero_is_blank": true
        },
        {
          "name": "Req Skill Value",
          "db_column_name": "reqSkillValue",
          "value_type": "uint",
          "preferred_width": 140.0,
          "zero_is_blank": true
        },
        {
          "name": "Chance",
          "db_column_name": "chance",
          "value_type": "float",
          "preferred_width": 135.0
        }
      ]
    }
  ]
}