{
  "id": "skill_fishing_base_level",
  "compatibility": [
    "TrinityWrath", "TrinityCata"
  ],
  "name": "Skill Fishing Base Level",
  "single_solution_name": "Skill Fishing Base Level Table",
  "multi_solution_name": "Skill Fishing Base Level Table",
  "description": "This table controls the minimum skill level required in fishing to fish in a certain area.",
  "table_name": "skill_fishing_base_level",
  "table_index_name": "entry",
  "record_mode": "SingleRow",
  "skip_quick_load": true,
  "group_name": "Advanced",
  "reload_command": "reload skill_fishing_base_level",
  "picker": "ZoneAreaParameter",
  "primary_key": [
    "entry"
  ],
  "groups": [
    {
      "group_name": "group",
      "fields": [
        {
          "name": "Entry",
          "db_column_name": "entry",
          "value_type": "ZoneAreaParameter",
          "preferred_width": 305.0
        },
        {
          "name": "Minimum skill",
          "db_column_name": "skill",
          "value_type": "int",
          "preferred_width": 120.0
        }
      ]
    }
  ]
}