{
  "id": "spell_area",
  "compatibility": [
    "TrinityWrath", "Azeroth"
  ],
  "name": "Spell area",
  "description": "Spell area table is responsible for applying auras in specific areas or zones",
  "table_name": "spell_area",
  "table_index_name": "area",
  "single_solution_name": "spell_area in {name}",
  "multi_solution_name": "spell_area in many areas",
  "reload_command": "reload spell_area",
  "icon_path": "Icons/document_spell_area.png",
  "record_mode": "MultiRecord",
  "picker": "ZoneAreaParameter",
  "group_name": "Common scripting tables",
  "primary_key": ["spell", "area", "quest_start", "aura_spell", "racemask", "gender"],
  "groups": [
    {
      "group_name": "only",
      "fields": [
        {
          "name": "Area",
          "db_column_name": "area",
          "read_only": true,
          "value_type": "ZoneAreaParameter",
          "preferred_width": 80
        },
        {
          "name": "Spell",
          "db_column_name": "spell",
          "value_type": "SpellParameter"
        },
        {
          "name": "Quest start",
          "db_column_name": "quest_start",
          "value_type": "QuestParameter",
          "help": "The spell will be casted/allowed in this area ONLY if 'quest start' is in 'quest start status'",
          "zero_is_blank": true
        },
        {
          "name": "Quest start required status",
          "db_column_name": "quest_start_status",
          "help": "The spell will be casted/allowed in this area ONLY if 'quest start' is in this state",
          "default": 64,
          "value_type": "QuestStatusParameter",
          "preferred_width": 150,
          "zero_is_blank": true
        },
        {
          "name": "Quest end",
          "db_column_name": "quest_end",
          "value_type": "QuestParameter",
          "help": "The spell will be casted/allowed in this area ONLY if 'quest end' is in 'quest end status'",
          "zero_is_blank": true
        },
        {
          "name": "Quest end required status",
          "db_column_name": "quest_end_status",
          "help": "The spell will be casted/allowed in this area ONLY if 'quest end' is in this state",
          "default": 11,
          "value_type": "QuestStatusParameter",
          "preferred_width": 150,
          "zero_is_blank": true
        },
        {
          "name": "Autocast",
          "db_column_name": "autocast",
          "value_type": "BoolParameter",
          "default": 1,
          "help": "If true, spell will be autocasted if player in area and with quest staus. If false, spell will not be allowed in other areas.",
          "preferred_width": 70
        },
        {
          "name": "Aura condition",
          "db_column_name": "aura_spell",
          "value_type": "SpellAreaSpellParameter",
          "zero_is_blank": true
        },
        {
          "name": "Race condition",
          "db_column_name": "racemask",
          "value_type": "RaceMaskParameter"
        },
        {
          "name": "Gender condition",
          "db_column_name": "gender",
          "default": 2,
          "value_type": "GenderParameter",
          "preferred_width": 90,
          "zero_is_blank": true
        }
      ]
    }
  ]
}