{
  "id": "spell_required",
  "compatibility": [
    "TrinityWrath", "TrinityCata"
  ],
  "name": "Spell Required",
  "single_solution_name": "Spell Required table",
  "multi_solution_name": "Spell Required table",
  "description": "Table used to add restrictions for learning spells from trainer. Player can't learn spell 'spell_id' till he learns 'req_spell', when he loses 'req_spell' 'spell_id' will be lost too. Table is used also for profession specialisations as specialisations require profession of certain rank to learn.",
  "table_name": "spell_required",
  "table_index_name": "spell_id",
  "record_mode": "SingleRow",
  "group_name": "Spells",
  "reload_command": "reload spell_required",
  "skip_quick_load": true,
  "icon_path": "Icons/document_magic.png",
  "picker": "SpellParameter",
  "primary_key": [
    "spell_id",
    "req_spell"
  ],
  "groups": [
    {
      "group_name": "group",
      "fields": [
        {
          "name": "Spell",
          "db_column_name": "spell_id",
          "value_type": "SpellParameter"
        },
        {
          "name": "Required Spell",
          "db_column_name": "req_spell",
          "value_type": "SpellParameter"
        }
      ]
    }
  ]
}