{
  "id": "spell_learn_spell",
  "compatibility": [
    "TrinityWrath", "TrinityCata"
  ],
  "name": "Spell Learn Spell",
  "single_solution_name": "Spell Learn Spell",
  "multi_solution_name": "Spell Learn Spell",
  "description": "This table holds information on spells that should be learned at the same time a player learns another spell.",
  "table_name": "spell_learn_spell",
  "table_index_name": "entry",
  "record_mode": "SingleRow",
  "skip_quick_load": true,
  "group_name": "Spells",
  "reload_command": "reload spell_learn_spell",
  "picker": "SpellParameter",
  "icon_path": "Icons/document_magic.png",
  "primary_key": [
    "entry",
    "SpellID"
  ],
  "groups": [
    {
      "group_name": "group",
      "fields": [
        {
          "name": "When learned",
          "db_column_name": "entry",
          "value_type": "SpellParameter",
          "preferred_width": 235.0
        },
        {
          "name": "Spell to also learn",
          "db_column_name": "SpellID",
          "value_type": "SpellParameter",
          "preferred_width": 310.0
        },
        {
          "name": "Show in spellbook",
          "db_column_name": "Active",
          "value_type": "BoolParameter",
          "default": 1,
          "preferred_width": 200.0
        }
      ]
    }
  ]
}