{
  "id": "spell_pet_auras",
  "compatibility": [
    "TrinityWrath", "TrinityCata"
  ],
  "name": "Spell Pet Auras",
  "single_solution_name": "Spell Pet Auras table",
  "multi_solution_name": "Spell Pet Auras table",
  "description": "",
  "table_name": "spell_pet_auras",
  "table_index_name": "spell",
  "record_mode": "SingleRow",
  "skip_quick_load": true,
  "group_name": "Spells",
  "reload_command": "reload spell_pet_auras",
  "picker": "SpellParameter",
  "icon_path": "Icons/document_magic.png",
  "primary_key": [
    "spell",
    "effectId",
    "pet"
  ],
  "groups": [
    {
      "group_name": "group",
      "fields": [
        {
          "name": "Spell",
          "db_column_name": "spell",
          "value_type": "SpellParameter",
          "preferred_width": 225.0
        },
        {
          "name": "Effect Id",
          "db_column_name": "effectId",
          "value_type": "SpellEffectIndexParameter",
          "preferred_width": 105.0
        },
        {
          "name": "Pet",
          "db_column_name": "pet",
          "value_type": "CreatureParameter",
          "preferred_width": 190.0
        },
        {
          "name": "Aura",
          "db_column_name": "aura",
          "value_type": "SpellParameter",
          "preferred_width": 280.0
        }
      ]
    }
  ]
}