{
  "id": "spell_ranks",
  "compatibility": [
    "TrinityWrath", "TrinityCata"
  ],
  "name": "Spell Ranks",
  "single_solution_name": "Spell ranks table",
  "multi_solution_name": "Spell ranks table",
  "description": "Table used by the core to group different ranks of spells (the gray text seen on ranked spells) into one \"spell stem\".",
  "table_name": "spell_ranks",
  "table_index_name": "first_spell_id",
  "record_mode": "SingleRow",
  "skip_quick_load": true,
  "group_name": "Spells",
  "picker": "SpellParameter",
  "icon_path": "Icons/document_magic.png",
  "primary_key": [
    "first_spell_id",
    "rank"
  ],
  "groups": [
    {
      "group_name": "group",
      "fields": [
        {
          "name": "First Spell",
          "db_column_name": "first_spell_id",
          "value_type": "SpellParameter",
          "preferred_width": 215.0
        },
        {
          "name": "Rank",
          "db_column_name": "rank",
          "value_type": "uint"
        },
        {
          "name": "Spell (ranked)",
          "db_column_name": "spell_id",
          "value_type": "SpellParameter",
          "preferred_width": 260.0
        }
      ]
    }
  ]
}