{
  "id": "vehicle_accessory",
  "compatibility": [
    "TrinityWrath", "TrinityCata"
  ],
  "name": "Vehicle Accessory",
  "single_solution_name": "{name} accessories",
  "multi_solution_name": "Multiple vehicle accessories",
  "description": "Use this table to define creatures that will spawn automatically on a vehicle (per guid)",
  "table_name": "vehicle_accessory",
  "table_index_name": "guid",
  "record_mode": "MultiRecord",
  "group_name": "Vehicles",
  "reload_command": "reload vehicle_accessory",
  "picker": "CreatureGUIDParameter",
  "icon_path": "Icons/document_vehicle_template.png",
  "skip_quick_load": true,
  "primary_key": [
    "guid",
    "seat_id"
  ],
  "groups": [
    {
      "group_name": "group",
      "fields": [
        {
          "name": "Guid",
          "db_column_name": "guid",
          "value_type": "CreatureGUIDParameter",
          "read_only": true
        },
        {
          "name": "Accessory Entry",
          "db_column_name": "accessory_entry",
          "value_type": "CreatureParameter"
        },
        {
          "name": "Seat Id",
          "db_column_name": "seat_id",
          "value_type": "int"
        },
        {
          "name": "Minion",
          "db_column_name": "minion",
          "value_type": "BoolParameter"
        },
        {
          "name": "Description",
          "db_column_name": "description",
          "value_type": "string"
        },
        {
          "name": "Summon type",
          "db_column_name": "summontype",
          "value_type": "SummonTypeParameter",
          "default": 6
        },
        {
          "name": "Summon timer",
          "db_column_name": "summontimer",
          "value_type": "uint",
          "default": 30000
        }
      ]
    }
  ]
}