{
  "id": "access_requirement",
  "compatibility": [
    "CMaNGOS-WoTLK"
  ],
  "name": "Access Requirement",
  "description": "Controls requirements for a map",
  "table_name": "access_requirement",
  "table_index_name": "mapId",
  "record_mode": "SingleRow",
  "group_name": "Maps",
  "icon_path": "Icons/document_access_requirements.png",
  "primary_key": [
    "mapId",
    "difficulty"
  ],
  "groups": [
    {
      "group_name": "group",
      "fields": [
        {
          "name": "Map",
          "db_column_name": "mapId",
          "value_type": "MapParameter"
        },
        {
          "name": "Difficulty",
          "db_column_name": "difficulty",
          "value_type": "MapDifficultyParameter"
        },
        {
          "name": "Level Min",
          "db_column_name": "level_min",
          "value_type": "uint",
          "zero_is_blank": true
        },
        {
          "name": "Level Max",
          "db_column_name": "level_max",
          "value_type": "uint",
          "zero_is_blank": true
        },
        {
          "name": "Item Level",
          "db_column_name": "item_level",
          "value_type": "uint",
          "zero_is_blank": true
        },
        {
          "name": "Item",
          "db_column_name": "item",
          "value_type": "ItemParameter",
          "zero_is_blank": true
        },
        {
          "name": "Item 2",
          "db_column_name": "item2",
          "value_type": "ItemParameter",
          "zero_is_blank": true
        },
        {
          "name": "Quest Done A",
          "db_column_name": "quest_done_A",
          "value_type": "QuestParameter",
          "zero_is_blank": true
        },
        {
          "name": "Quest Done H",
          "db_column_name": "quest_done_H",
          "value_type": "QuestParameter",
          "zero_is_blank": true
        },
        {
          "name": "Completed Achievement",
          "db_column_name": "completed_achievement",
          "value_type": "AchievementParameter",
          "zero_is_blank": true
        },
        {
          "name": "Quest Failed Text",
          "db_column_name": "quest_failed_text",
          "value_type": "string",
          "can_be_null": true
        },
        {
          "name": "Comment",
          "db_column_name": "comment",
          "value_type": "string",
          "can_be_null": true
        }
      ]
    }
  ]
}