{
  "id": "creature_spell_targeting",
  "compatibility": [
    "CMaNGOS-WoTLK", "CMaNGOS-TBC", "CMaNGOS-Classic"
  ],
  "name": "Creature Spell Targeting",
  "description": "Spell targeting data",
  "table_name": "creature_spell_targeting",
  "table_index_name": "Id",
  "record_mode": "SingleRow",
  "group_name": "Combat",
  "skip_quick_load": true,
  "icon_path": "Icons/document_creature_spell_group.png",
  "reload_command": "reload creature_spell_targeting",
  "primary_key": [
    "Id"
  ],
  "groups": [
    {
      "group_name": "group",
      "fields": [
        {
          "name": "Id",
          "db_column_name": "Id",
          "value_type": "int",
          "read_only": true
        },
        {
          "name": "Type",
          "db_column_name": "Type",
          "value_type": "CreatureSpellTargetingTypeParameter"
        },
        {
          "name": "Param 1",
          "db_column_name": "Param1",
          "value_type": "int"
        },
        {
          "name": "Param 2",
          "db_column_name": "Param2",
          "value_type": "int"
        },
        {
          "name": "Param 3",
          "db_column_name": "Param3",
          "value_type": "int"
        },
        {
          "name": "Comments",
          "db_column_name": "Comments",
          "value_type": "string"
        }
      ]
    }
  ]
}