{
  "id": "creature_spell_list_entry",
  "compatibility": [
    "CMaNGOS-WoTLK", "CMaNGOS-TBC", "CMaNGOS-Classic"
  ],
  "name": "Creature Spell List Entry",
  "description": "Holds basic chance of a ai to perform either a SPELL_LIST_FLAG_SUPPORT_ACTION or SPELL_LIST_FLAG_RANGED_ACTION.",
  "table_name": "creature_spell_list_entry",
  "table_index_name": "Id",
  "record_mode": "SingleRow",
  "group_name": "Combat",
  "skip_quick_load": true,
  "icon_path": "Icons/document_creature_spell_group.png",
  "reload_command": "reload creature_spell_list_entry",
  "primary_key": [
    "Id"
  ],
  "groups": [
    {
      "group_name": "group",
      "fields": [
        {
          "name": "Id",
          "db_column_name": "Id",
          "value_type": "int",
          "read_only": true
        },
        {
          "name": "Name",
          "db_column_name": "Name",
          "value_type": "string"
        },
        {
          "name": "Chance Support Action",
          "db_column_name": "ChanceSupportAction",
          "value_type": "int"
        },
        {
          "name": "Chance Ranged Attack",
          "db_column_name": "ChanceRangedAttack",
          "value_type": "int"
        }
      ]
    }
  ]
}