<?xml version="1.0" encoding="utf-8"?>
<SyntaxDefinition name="Story teller" extensions=".story" xmlns="http://icsharpcode.net/sharpdevelop/syntaxdefinition/2008">
    <Color name="Punctuation" foreground="DarkGreen" />
    <Color name="Header" foreground="#2980b9" fontWeight="bold" />
    <Color name="Digits" foreground="#1e90ff" />
    <Color name="Coords" foreground="#27ae60" />
    <Color name="Comment" foreground="#B9B9B9"/>
    <RuleSet ignoreCase="true">
        <Rule color="Comment">
            \([^0-9].+\)
        </Rule>
        <Rule color="Header">
            Path\s\d+|Segment\s\d+
        </Rule>
        <Rule color="Coords">
            \(-?\d+\.\d+,\s*-?\d+\.\d+,\s*-?\d+\.\d+\)
        </Rule>
        <Rule color="Punctuation">
            [?,.;()\[\]{}+\-/%*&lt;&gt;^=~!&amp;]+
        </Rule>
        <Rule color="Digits">\b0[xX][0-9a-fA-F]+|(\b\d+(\.[0-9]+)?|\.[0-9]+)([eE][+-]?[0-9]+)?</Rule>
    </RuleSet>
</SyntaxDefinition>