<?xml version="1.0"?>
<doc>
    <assembly>
        <name>WowPacketParser.Proto</name>
    </assembly>
    <members>
        <member name="T:WowPacketParser.Proto.StructuresReflection">
            <summary>Holder for reflection information generated from PacketStructures/structures.proto</summary>
        </member>
        <member name="P:WowPacketParser.Proto.StructuresReflection.Descriptor">
            <summary>File descriptor for PacketStructures/structures.proto</summary>
        </member>
        <member name="F:WowPacketParser.Proto.PacketsVersion.VersionFieldNumber">
            <summary>Field number for the "version" field.</summary>
        </member>
        <member name="F:WowPacketParser.Proto.PacketsVersion.GameVersionFieldNumber">
            <summary>Field number for the "gameVersion" field.</summary>
        </member>
        <member name="F:WowPacketParser.Proto.PacketsVersion.DumpTypeFieldNumber">
            <summary>Field number for the "dumpType" field.</summary>
        </member>
        <member name="F:WowPacketParser.Proto.Packets.VersionFieldNumber">
            <summary>Field number for the "version" field.</summary>
        </member>
        <member name="F:WowPacketParser.Proto.Packets.GameVersionFieldNumber">
            <summary>Field number for the "gameVersion" field.</summary>
        </member>
        <member name="F:WowPacketParser.Proto.Packets.DumpTypeFieldNumber">
            <summary>Field number for the "dumpType" field.</summary>
        </member>
        <member name="F:WowPacketParser.Proto.Packets.Packets_FieldNumber">
            <summary>Field number for the "packets" field.</summary>
        </member>
        <member name="F:WowPacketParser.Proto.PacketBase.NumberFieldNumber">
            <summary>Field number for the "number" field.</summary>
        </member>
        <member name="F:WowPacketParser.Proto.PacketBase.OpcodeFieldNumber">
            <summary>Field number for the "opcode" field.</summary>
        </member>
        <member name="F:WowPacketParser.Proto.PacketBase.TimeFieldNumber">
            <summary>Field number for the "time" field.</summary>
        </member>
        <member name="F:WowPacketParser.Proto.PacketBase.StringDataFieldNumber">
            <summary>Field number for the "stringData" field.</summary>
        </member>
        <member name="F:WowPacketParser.Proto.PacketBase.TextStartOffsetFieldNumber">
            <summary>Field number for the "textStartOffset" field.</summary>
        </member>
        <member name="F:WowPacketParser.Proto.PacketBase.TextLengthFieldNumber">
            <summary>Field number for the "textLength" field.</summary>
        </member>
        <member name="F:WowPacketParser.Proto.PacketHolder.BaseDataFieldNumber">
            <summary>Field number for the "baseData" field.</summary>
        </member>
        <member name="F:WowPacketParser.Proto.PacketHolder.ChatFieldNumber">
            <summary>Field number for the "chat" field.</summary>
        </member>
        <member name="F:WowPacketParser.Proto.PacketHolder.QueryCreatureResponseFieldNumber">
            <summary>Field number for the "queryCreatureResponse" field.</summary>
        </member>
        <member name="F:WowPacketParser.Proto.PacketHolder.EmoteFieldNumber">
            <summary>Field number for the "emote" field.</summary>
        </member>
        <member name="F:WowPacketParser.Proto.PacketHolder.PlaySoundFieldNumber">
            <summary>Field number for the "playSound" field.</summary>
        </member>
        <member name="F:WowPacketParser.Proto.PacketHolder.PlayMusicFieldNumber">
            <summary>Field number for the "playMusic" field.</summary>
        </member>
        <member name="F:WowPacketParser.Proto.PacketHolder.PlayObjectSoundFieldNumber">
            <summary>Field number for the "playObjectSound" field.</summary>
        </member>
        <member name="F:WowPacketParser.Proto.PacketHolder.GossipHelloFieldNumber">
            <summary>Field number for the "gossipHello" field.</summary>
        </member>
        <member name="F:WowPacketParser.Proto.PacketHolder.GossipMessageFieldNumber">
            <summary>Field number for the "gossipMessage" field.</summary>
        </member>
        <member name="F:WowPacketParser.Proto.PacketHolder.GossipSelectFieldNumber">
            <summary>Field number for the "gossipSelect" field.</summary>
        </member>
        <member name="F:WowPacketParser.Proto.PacketHolder.GossipCloseFieldNumber">
            <summary>Field number for the "gossipClose" field.</summary>
        </member>
        <member name="F:WowPacketParser.Proto.PacketHolder.SpellStartFieldNumber">
            <summary>Field number for the "spellStart" field.</summary>
        </member>
        <member name="F:WowPacketParser.Proto.PacketHolder.SpellGoFieldNumber">
            <summary>Field number for the "spellGo" field.</summary>
        </member>
        <member name="F:WowPacketParser.Proto.PacketHolder.AuraUpdateFieldNumber">
            <summary>Field number for the "auraUpdate" field.</summary>
        </member>
        <member name="F:WowPacketParser.Proto.PacketHolder.MonsterMoveFieldNumber">
            <summary>Field number for the "monsterMove" field.</summary>
        </member>
        <member name="F:WowPacketParser.Proto.PacketHolder.PhaseShiftFieldNumber">
            <summary>Field number for the "phaseShift" field.</summary>
        </member>
        <member name="F:WowPacketParser.Proto.PacketHolder.SpellClickFieldNumber">
            <summary>Field number for the "spellClick" field.</summary>
        </member>
        <member name="F:WowPacketParser.Proto.PacketHolder.PlayerLoginFieldNumber">
            <summary>Field number for the "playerLogin" field.</summary>
        </member>
        <member name="F:WowPacketParser.Proto.PacketHolder.OneShotAnimKitFieldNumber">
            <summary>Field number for the "oneShotAnimKit" field.</summary>
        </member>
        <member name="F:WowPacketParser.Proto.PacketHolder.SetAnimKitFieldNumber">
            <summary>Field number for the "setAnimKit" field.</summary>
        </member>
        <member name="F:WowPacketParser.Proto.PacketHolder.PlaySpellVisualKitFieldNumber">
            <summary>Field number for the "playSpellVisualKit" field.</summary>
        </member>
        <member name="F:WowPacketParser.Proto.PacketHolder.QuestGiverAcceptQuestFieldNumber">
            <summary>Field number for the "questGiverAcceptQuest" field.</summary>
        </member>
        <member name="F:WowPacketParser.Proto.PacketHolder.QuestGiverCompleteQuestRequestFieldNumber">
            <summary>Field number for the "questGiverCompleteQuestRequest" field.</summary>
        </member>
        <member name="F:WowPacketParser.Proto.PacketHolder.QuestGiverQuestCompleteFieldNumber">
            <summary>Field number for the "questGiverQuestComplete" field.</summary>
        </member>
        <member name="F:WowPacketParser.Proto.PacketHolder.QuestGiverRequestItemsFieldNumber">
            <summary>Field number for the "questGiverRequestItems" field.</summary>
        </member>
        <member name="F:WowPacketParser.Proto.PacketHolder.NpcTextFieldNumber">
            <summary>Field number for the "npcText" field.</summary>
        </member>
        <member name="F:WowPacketParser.Proto.PacketHolder.NpcTextOldFieldNumber">
            <summary>Field number for the "npcTextOld" field.</summary>
        </member>
        <member name="F:WowPacketParser.Proto.PacketHolder.DbReplyFieldNumber">
            <summary>Field number for the "dbReply" field.</summary>
        </member>
        <member name="F:WowPacketParser.Proto.PacketHolder.UpdateObjectFieldNumber">
            <summary>Field number for the "updateObject" field.</summary>
        </member>
        <member name="F:WowPacketParser.Proto.PacketHolder.QueryGameObjectResponseFieldNumber">
            <summary>Field number for the "queryGameObjectResponse" field.</summary>
        </member>
        <member name="F:WowPacketParser.Proto.PacketHolder.ClientAreaTriggerFieldNumber">
            <summary>Field number for the "clientAreaTrigger" field.</summary>
        </member>
        <member name="F:WowPacketParser.Proto.PacketHolder.QueryPlayerNameResponseFieldNumber">
            <summary>Field number for the "queryPlayerNameResponse" field.</summary>
        </member>
        <member name="F:WowPacketParser.Proto.PacketHolder.QuestCompleteFieldNumber">
            <summary>Field number for the "questComplete" field.</summary>
        </member>
        <member name="F:WowPacketParser.Proto.PacketHolder.QuestFailedFieldNumber">
            <summary>Field number for the "questFailed" field.</summary>
        </member>
        <member name="F:WowPacketParser.Proto.PacketHolder.QuestAddKillCreditFieldNumber">
            <summary>Field number for the "questAddKillCredit" field.</summary>
        </member>
        <member name="F:WowPacketParser.Proto.PacketHolder.ClientUseItemFieldNumber">
            <summary>Field number for the "clientUseItem" field.</summary>
        </member>
        <member name="F:WowPacketParser.Proto.PacketHolder.ClientQuestGiverChooseRewardFieldNumber">
            <summary>Field number for the "clientQuestGiverChooseReward" field.</summary>
        </member>
        <member name="F:WowPacketParser.Proto.PacketHolder.ClientMoveFieldNumber">
            <summary>Field number for the "clientMove" field.</summary>
        </member>
        <member name="F:WowPacketParser.Proto.PacketHolder.ClientUseGameObjectFieldNumber">
            <summary>Field number for the "clientUseGameObject" field.</summary>
        </member>
        <member name="F:WowPacketParser.Proto.PacketHolder.GossipPoiFieldNumber">
            <summary>Field number for the "gossipPoi" field.</summary>
        </member>
        <member name="F:WowPacketParser.Proto.PacketHolder.GameObjectCustomAnimFieldNumber">
            <summary>Field number for the "gameObjectCustomAnim" field.</summary>
        </member>
        <member name="F:WowPacketParser.Proto.PacketHolder.SpellCastFailedFieldNumber">
            <summary>Field number for the "spellCastFailed" field.</summary>
        </member>
        <member name="F:WowPacketParser.Proto.PacketHolder.SpellFailureFieldNumber">
            <summary>Field number for the "spellFailure" field.</summary>
        </member>
        <member name="F:WowPacketParser.Proto.PacketHolder.LoginSetTimeSpeedFieldNumber">
            <summary>Field number for the "loginSetTimeSpeed" field.</summary>
        </member>
        <member name="F:WowPacketParser.Proto.PacketHolder.AuraUpdateAllFieldNumber">
            <summary>Field number for the "auraUpdateAll" field.</summary>
        </member>
        <member name="F:WowPacketParser.Proto.PacketHolder.AiReactionFieldNumber">
            <summary>Field number for the "aiReaction" field.</summary>
        </member>
        <member name="T:WowPacketParser.Proto.PacketHolder.KindOneofCase">
            <summary>Enum of possible cases for the "kind" oneof.</summary>
        </member>
        <member name="F:WowPacketParser.Proto.UniversalGuid.EntryFieldNumber">
            <summary>Field number for the "entry" field.</summary>
        </member>
        <member name="F:WowPacketParser.Proto.UniversalGuid.TypeFieldNumber">
            <summary>Field number for the "type" field.</summary>
        </member>
        <member name="F:WowPacketParser.Proto.UniversalGuid.Guid64FieldNumber">
            <summary>Field number for the "guid64" field.</summary>
        </member>
        <member name="F:WowPacketParser.Proto.UniversalGuid.Guid128FieldNumber">
            <summary>Field number for the "guid128" field.</summary>
        </member>
        <member name="T:WowPacketParser.Proto.UniversalGuid.KindOneofCase">
            <summary>Enum of possible cases for the "kind" oneof.</summary>
        </member>
        <member name="F:WowPacketParser.Proto.UniversalGuid64.LowFieldNumber">
            <summary>Field number for the "low" field.</summary>
        </member>
        <member name="F:WowPacketParser.Proto.UniversalGuid64.HighFieldNumber">
            <summary>Field number for the "high" field.</summary>
        </member>
        <member name="F:WowPacketParser.Proto.UniversalGuid128.LowFieldNumber">
            <summary>Field number for the "low" field.</summary>
        </member>
        <member name="F:WowPacketParser.Proto.UniversalGuid128.HighFieldNumber">
            <summary>Field number for the "high" field.</summary>
        </member>
        <member name="F:WowPacketParser.Proto.PacketChat.TypeFieldNumber">
            <summary>Field number for the "type" field.</summary>
        </member>
        <member name="F:WowPacketParser.Proto.PacketChat.LanguageFieldNumber">
            <summary>Field number for the "language" field.</summary>
        </member>
        <member name="F:WowPacketParser.Proto.PacketChat.SenderFieldNumber">
            <summary>Field number for the "sender" field.</summary>
        </member>
        <member name="F:WowPacketParser.Proto.PacketChat.TargetFieldNumber">
            <summary>Field number for the "target" field.</summary>
        </member>
        <member name="F:WowPacketParser.Proto.PacketChat.FlagsFieldNumber">
            <summary>Field number for the "flags" field.</summary>
        </member>
        <member name="F:WowPacketParser.Proto.PacketChat.TextFieldNumber">
            <summary>Field number for the "text" field.</summary>
        </member>
        <member name="F:WowPacketParser.Proto.PacketEmote.EmoteFieldNumber">
            <summary>Field number for the "emote" field.</summary>
        </member>
        <member name="F:WowPacketParser.Proto.PacketEmote.SenderFieldNumber">
            <summary>Field number for the "sender" field.</summary>
        </member>
        <member name="F:WowPacketParser.Proto.PacketPlaySound.SoundFieldNumber">
            <summary>Field number for the "sound" field.</summary>
        </member>
        <member name="F:WowPacketParser.Proto.PacketPlaySound.SourceFieldNumber">
            <summary>Field number for the "source" field.</summary>
        </member>
        <member name="F:WowPacketParser.Proto.PacketPlaySound.BroadcastTextIdFieldNumber">
            <summary>Field number for the "broadcastTextId" field.</summary>
        </member>
        <member name="F:WowPacketParser.Proto.PacketPlayObjectSound.SoundFieldNumber">
            <summary>Field number for the "sound" field.</summary>
        </member>
        <member name="F:WowPacketParser.Proto.PacketPlayObjectSound.SourceFieldNumber">
            <summary>Field number for the "source" field.</summary>
        </member>
        <member name="F:WowPacketParser.Proto.PacketPlayObjectSound.TargetFieldNumber">
            <summary>Field number for the "target" field.</summary>
        </member>
        <member name="F:WowPacketParser.Proto.PacketPlayMusic.MusicFieldNumber">
            <summary>Field number for the "music" field.</summary>
        </member>
        <member name="F:WowPacketParser.Proto.PacketPlayMusic.TargetFieldNumber">
            <summary>Field number for the "target" field.</summary>
        </member>
        <member name="F:WowPacketParser.Proto.PacketGossipHello.GossipSourceFieldNumber">
            <summary>Field number for the "gossipSource" field.</summary>
        </member>
        <member name="F:WowPacketParser.Proto.GossipMessageOption.OptionIndexFieldNumber">
            <summary>Field number for the "optionIndex" field.</summary>
        </member>
        <member name="F:WowPacketParser.Proto.GossipMessageOption.OptionNpcFieldNumber">
            <summary>Field number for the "optionNpc" field.</summary>
        </member>
        <member name="F:WowPacketParser.Proto.GossipMessageOption.TextFieldNumber">
            <summary>Field number for the "text" field.</summary>
        </member>
        <member name="F:WowPacketParser.Proto.GossipMessageOption.BoxCodedFieldNumber">
            <summary>Field number for the "boxCoded" field.</summary>
        </member>
        <member name="F:WowPacketParser.Proto.GossipMessageOption.BoxCostFieldNumber">
            <summary>Field number for the "boxCost" field.</summary>
        </member>
        <member name="F:WowPacketParser.Proto.GossipMessageOption.BoxTextFieldNumber">
            <summary>Field number for the "boxText" field.</summary>
        </member>
        <member name="F:WowPacketParser.Proto.GossipQuestOption.QuestIdFieldNumber">
            <summary>Field number for the "questId" field.</summary>
        </member>
        <member name="F:WowPacketParser.Proto.GossipQuestOption.TitleFieldNumber">
            <summary>Field number for the "title" field.</summary>
        </member>
        <member name="F:WowPacketParser.Proto.PacketGossipMessage.GossipSourceFieldNumber">
            <summary>Field number for the "gossipSource" field.</summary>
        </member>
        <member name="F:WowPacketParser.Proto.PacketGossipMessage.MenuIdFieldNumber">
            <summary>Field number for the "menuId" field.</summary>
        </member>
        <member name="F:WowPacketParser.Proto.PacketGossipMessage.TextIdFieldNumber">
            <summary>Field number for the "textId" field.</summary>
        </member>
        <member name="F:WowPacketParser.Proto.PacketGossipMessage.OptionsFieldNumber">
            <summary>Field number for the "options" field.</summary>
        </member>
        <member name="F:WowPacketParser.Proto.PacketGossipMessage.QuestsFieldNumber">
            <summary>Field number for the "quests" field.</summary>
        </member>
        <member name="F:WowPacketParser.Proto.PacketGossipSelect.GossipUnitFieldNumber">
            <summary>Field number for the "gossipUnit" field.</summary>
        </member>
        <member name="F:WowPacketParser.Proto.PacketGossipSelect.MenuIdFieldNumber">
            <summary>Field number for the "menuId" field.</summary>
        </member>
        <member name="F:WowPacketParser.Proto.PacketGossipSelect.OptionIdFieldNumber">
            <summary>Field number for the "optionId" field.</summary>
        </member>
        <member name="F:WowPacketParser.Proto.PacketGossipClose.GossipSourceFieldNumber">
            <summary>Field number for the "gossipSource" field.</summary>
        </member>
        <member name="F:WowPacketParser.Proto.Vec2.XFieldNumber">
            <summary>Field number for the "x" field.</summary>
        </member>
        <member name="F:WowPacketParser.Proto.Vec2.YFieldNumber">
            <summary>Field number for the "y" field.</summary>
        </member>
        <member name="F:WowPacketParser.Proto.Vec3.XFieldNumber">
            <summary>Field number for the "x" field.</summary>
        </member>
        <member name="F:WowPacketParser.Proto.Vec3.YFieldNumber">
            <summary>Field number for the "y" field.</summary>
        </member>
        <member name="F:WowPacketParser.Proto.Vec3.ZFieldNumber">
            <summary>Field number for the "z" field.</summary>
        </member>
        <member name="F:WowPacketParser.Proto.Vec4.XFieldNumber">
            <summary>Field number for the "x" field.</summary>
        </member>
        <member name="F:WowPacketParser.Proto.Vec4.YFieldNumber">
            <summary>Field number for the "y" field.</summary>
        </member>
        <member name="F:WowPacketParser.Proto.Vec4.ZFieldNumber">
            <summary>Field number for the "z" field.</summary>
        </member>
        <member name="F:WowPacketParser.Proto.Vec4.OFieldNumber">
            <summary>Field number for the "o" field.</summary>
        </member>
        <member name="F:WowPacketParser.Proto.Quat.XFieldNumber">
            <summary>Field number for the "x" field.</summary>
        </member>
        <member name="F:WowPacketParser.Proto.Quat.YFieldNumber">
            <summary>Field number for the "y" field.</summary>
        </member>
        <member name="F:WowPacketParser.Proto.Quat.ZFieldNumber">
            <summary>Field number for the "z" field.</summary>
        </member>
        <member name="F:WowPacketParser.Proto.Quat.WFieldNumber">
            <summary>Field number for the "w" field.</summary>
        </member>
        <member name="F:WowPacketParser.Proto.PacketSpellData.CasterFieldNumber">
            <summary>Field number for the "caster" field.</summary>
        </member>
        <member name="F:WowPacketParser.Proto.PacketSpellData.SpellFieldNumber">
            <summary>Field number for the "spell" field.</summary>
        </member>
        <member name="F:WowPacketParser.Proto.PacketSpellData.HitTargetsFieldNumber">
            <summary>Field number for the "hitTargets" field.</summary>
        </member>
        <member name="F:WowPacketParser.Proto.PacketSpellData.TargetUnitFieldNumber">
            <summary>Field number for the "targetUnit" field.</summary>
        </member>
        <member name="F:WowPacketParser.Proto.PacketSpellData.DstLocationFieldNumber">
            <summary>Field number for the "dstLocation" field.</summary>
        </member>
        <member name="F:WowPacketParser.Proto.PacketSpellData.CastGuidFieldNumber">
            <summary>Field number for the "castGuid" field.</summary>
        </member>
        <member name="F:WowPacketParser.Proto.PacketSpellData.CastIdFieldNumber">
            <summary>Field number for the "castId" field.</summary>
        </member>
        <member name="F:WowPacketParser.Proto.PacketSpellData.FlagsFieldNumber">
            <summary>Field number for the "flags" field.</summary>
        </member>
        <member name="F:WowPacketParser.Proto.PacketSpellData.Flags2FieldNumber">
            <summary>Field number for the "flags2" field.</summary>
        </member>
        <member name="F:WowPacketParser.Proto.PacketSpellData.CastTimeFieldNumber">
            <summary>Field number for the "castTime" field.</summary>
        </member>
        <member name="F:WowPacketParser.Proto.PacketSpellData.AmmoDisplayIdFieldNumber">
            <summary>Field number for the "ammoDisplayId" field.</summary>
        </member>
        <member name="P:WowPacketParser.Proto.PacketSpellData.HasAmmoDisplayId">
            <summary>Gets whether the "ammoDisplayId" field is set</summary>
        </member>
        <member name="M:WowPacketParser.Proto.PacketSpellData.ClearAmmoDisplayId">
            <summary>Clears the value of the "ammoDisplayId" field</summary>
        </member>
        <member name="F:WowPacketParser.Proto.PacketSpellData.MissedTargetsFieldNumber">
            <summary>Field number for the "missedTargets" field.</summary>
        </member>
        <member name="F:WowPacketParser.Proto.PacketSpellData.TargetPointsFieldNumber">
            <summary>Field number for the "targetPoints" field.</summary>
        </member>
        <member name="F:WowPacketParser.Proto.PacketSpellData.AmmoInventoryTypeFieldNumber">
            <summary>Field number for the "ammoInventoryType" field.</summary>
        </member>
        <member name="P:WowPacketParser.Proto.PacketSpellData.HasAmmoInventoryType">
            <summary>Gets whether the "ammoInventoryType" field is set</summary>
        </member>
        <member name="M:WowPacketParser.Proto.PacketSpellData.ClearAmmoInventoryType">
            <summary>Clears the value of the "ammoInventoryType" field</summary>
        </member>
        <member name="F:WowPacketParser.Proto.PacketSpellData.CastCountFieldNumber">
            <summary>Field number for the "castCount" field.</summary>
        </member>
        <member name="P:WowPacketParser.Proto.PacketSpellData.HasCastCount">
            <summary>Gets whether the "castCount" field is set</summary>
        </member>
        <member name="M:WowPacketParser.Proto.PacketSpellData.ClearCastCount">
            <summary>Clears the value of the "castCount" field</summary>
        </member>
        <member name="T:WowPacketParser.Proto.PacketSpellData.IdKindOneofCase">
            <summary>Enum of possible cases for the "idKind" oneof.</summary>
        </member>
        <member name="F:WowPacketParser.Proto.PacketSpellStart.DataFieldNumber">
            <summary>Field number for the "data" field.</summary>
        </member>
        <member name="F:WowPacketParser.Proto.PacketSpellGo.DataFieldNumber">
            <summary>Field number for the "data" field.</summary>
        </member>
        <member name="F:WowPacketParser.Proto.PacketAuraUpdateEntry.SlotFieldNumber">
            <summary>Field number for the "slot" field.</summary>
        </member>
        <member name="F:WowPacketParser.Proto.PacketAuraUpdateEntry.RemoveFieldNumber">
            <summary>Field number for the "remove" field.</summary>
        </member>
        <member name="F:WowPacketParser.Proto.PacketAuraUpdateEntry.SpellFieldNumber">
            <summary>Field number for the "spell" field.</summary>
        </member>
        <member name="F:WowPacketParser.Proto.PacketAuraUpdateEntry.FlagsFieldNumber">
            <summary>Field number for the "flags" field.</summary>
        </member>
        <member name="F:WowPacketParser.Proto.PacketAuraUpdateEntry.CasterUnitFieldNumber">
            <summary>Field number for the "casterUnit" field.</summary>
        </member>
        <member name="F:WowPacketParser.Proto.PacketAuraUpdateEntry.DurationFieldNumber">
            <summary>Field number for the "duration" field.</summary>
        </member>
        <member name="P:WowPacketParser.Proto.PacketAuraUpdateEntry.HasDuration">
            <summary>Gets whether the "duration" field is set</summary>
        </member>
        <member name="M:WowPacketParser.Proto.PacketAuraUpdateEntry.ClearDuration">
            <summary>Clears the value of the "duration" field</summary>
        </member>
        <member name="F:WowPacketParser.Proto.PacketAuraUpdateEntry.RemainingFieldNumber">
            <summary>Field number for the "remaining" field.</summary>
        </member>
        <member name="P:WowPacketParser.Proto.PacketAuraUpdateEntry.HasRemaining">
            <summary>Gets whether the "remaining" field is set</summary>
        </member>
        <member name="M:WowPacketParser.Proto.PacketAuraUpdateEntry.ClearRemaining">
            <summary>Clears the value of the "remaining" field</summary>
        </member>
        <member name="F:WowPacketParser.Proto.PacketAuraUpdateEntry.MaxDurationFieldNumber">
            <summary>Field number for the "maxDuration" field.</summary>
        </member>
        <member name="P:WowPacketParser.Proto.PacketAuraUpdateEntry.HasMaxDuration">
            <summary>Gets whether the "maxDuration" field is set</summary>
        </member>
        <member name="M:WowPacketParser.Proto.PacketAuraUpdateEntry.ClearMaxDuration">
            <summary>Clears the value of the "maxDuration" field</summary>
        </member>
        <member name="F:WowPacketParser.Proto.PacketAuraUpdate.UnitFieldNumber">
            <summary>Field number for the "unit" field.</summary>
        </member>
        <member name="F:WowPacketParser.Proto.PacketAuraUpdate.UpdatesFieldNumber">
            <summary>Field number for the "updates" field.</summary>
        </member>
        <member name="F:WowPacketParser.Proto.PacketAuraUpdateAll.UnitFieldNumber">
            <summary>Field number for the "unit" field.</summary>
        </member>
        <member name="F:WowPacketParser.Proto.PacketAuraUpdateAll.UpdatesFieldNumber">
            <summary>Field number for the "updates" field.</summary>
        </member>
        <member name="F:WowPacketParser.Proto.PacketMonsterMove.MoverFieldNumber">
            <summary>Field number for the "mover" field.</summary>
        </member>
        <member name="F:WowPacketParser.Proto.PacketMonsterMove.PositionFieldNumber">
            <summary>Field number for the "position" field.</summary>
        </member>
        <member name="F:WowPacketParser.Proto.PacketMonsterMove.IdFieldNumber">
            <summary>Field number for the "id" field.</summary>
        </member>
        <member name="F:WowPacketParser.Proto.PacketMonsterMove.DestinationFieldNumber">
            <summary>Field number for the "destination" field.</summary>
        </member>
        <member name="F:WowPacketParser.Proto.PacketMonsterMove.ElapsedTimeFieldNumber">
            <summary>Field number for the "elapsedTime" field.</summary>
        </member>
        <member name="F:WowPacketParser.Proto.PacketMonsterMove.MoveTimeFieldNumber">
            <summary>Field number for the "moveTime" field.</summary>
        </member>
        <member name="F:WowPacketParser.Proto.PacketMonsterMove.TransportGuidFieldNumber">
            <summary>Field number for the "transportGuid" field.</summary>
        </member>
        <member name="F:WowPacketParser.Proto.PacketMonsterMove.VehicleSeatFieldNumber">
            <summary>Field number for the "vehicleSeat" field.</summary>
        </member>
        <member name="F:WowPacketParser.Proto.PacketMonsterMove.FlagsFieldNumber">
            <summary>Field number for the "flags" field.</summary>
        </member>
        <member name="F:WowPacketParser.Proto.PacketMonsterMove.LookPositionFieldNumber">
            <summary>Field number for the "lookPosition" field.</summary>
        </member>
        <member name="F:WowPacketParser.Proto.PacketMonsterMove.LookOrientationFieldNumber">
            <summary>Field number for the "lookOrientation" field.</summary>
        </member>
        <member name="F:WowPacketParser.Proto.PacketMonsterMove.LookTargetFieldNumber">
            <summary>Field number for the "lookTarget" field.</summary>
        </member>
        <member name="F:WowPacketParser.Proto.PacketMonsterMove.PointsFieldNumber">
            <summary>Field number for the "points" field.</summary>
        </member>
        <member name="F:WowPacketParser.Proto.PacketMonsterMove.PackedPointsFieldNumber">
            <summary>Field number for the "packedPoints" field.</summary>
        </member>
        <member name="F:WowPacketParser.Proto.PacketMonsterMove.JumpFieldNumber">
            <summary>Field number for the "jump" field.</summary>
        </member>
        <member name="T:WowPacketParser.Proto.PacketMonsterMove.FacingOneofCase">
            <summary>Enum of possible cases for the "facing" oneof.</summary>
        </member>
        <member name="F:WowPacketParser.Proto.SplineJump.GravityFieldNumber">
            <summary>Field number for the "gravity" field.</summary>
        </member>
        <member name="F:WowPacketParser.Proto.SplineJump.StartTimeFieldNumber">
            <summary>Field number for the "startTime" field.</summary>
        </member>
        <member name="F:WowPacketParser.Proto.SplineJump.DurationFieldNumber">
            <summary>Field number for the "duration" field.</summary>
        </member>
        <member name="F:WowPacketParser.Proto.SplineLookTarget.TargetFieldNumber">
            <summary>Field number for the "target" field.</summary>
        </member>
        <member name="F:WowPacketParser.Proto.SplineLookTarget.OrientationFieldNumber">
            <summary>Field number for the "orientation" field.</summary>
        </member>
        <member name="P:WowPacketParser.Proto.SplineLookTarget.HasOrientation">
            <summary>Gets whether the "orientation" field is set</summary>
        </member>
        <member name="M:WowPacketParser.Proto.SplineLookTarget.ClearOrientation">
            <summary>Clears the value of the "orientation" field</summary>
        </member>
        <member name="F:WowPacketParser.Proto.PacketPhaseShift.ClientFieldNumber">
            <summary>Field number for the "client" field.</summary>
        </member>
        <member name="F:WowPacketParser.Proto.PacketPhaseShift.PersonalGuidFieldNumber">
            <summary>Field number for the "personalGuid" field.</summary>
        </member>
        <member name="F:WowPacketParser.Proto.PacketPhaseShift.PhasesFieldNumber">
            <summary>Field number for the "phases" field.</summary>
        </member>
        <member name="F:WowPacketParser.Proto.PacketPhaseShift.VisibleMapsFieldNumber">
            <summary>Field number for the "visibleMaps" field.</summary>
        </member>
        <member name="F:WowPacketParser.Proto.PacketPhaseShift.PreloadMapsFieldNumber">
            <summary>Field number for the "preloadMaps" field.</summary>
        </member>
        <member name="F:WowPacketParser.Proto.PacketPhaseShift.UiMapPhaseFieldNumber">
            <summary>Field number for the "uiMapPhase" field.</summary>
        </member>
        <member name="F:WowPacketParser.Proto.PacketSpellClick.TargetFieldNumber">
            <summary>Field number for the "target" field.</summary>
        </member>
        <member name="F:WowPacketParser.Proto.PacketPlayerLogin.PlayerGuidFieldNumber">
            <summary>Field number for the "playerGuid" field.</summary>
        </member>
        <member name="F:WowPacketParser.Proto.PacketOneShotAnimKit.UnitFieldNumber">
            <summary>Field number for the "unit" field.</summary>
        </member>
        <member name="F:WowPacketParser.Proto.PacketOneShotAnimKit.AnimKitFieldNumber">
            <summary>Field number for the "animKit" field.</summary>
        </member>
        <member name="F:WowPacketParser.Proto.PacketSetAnimKit.UnitFieldNumber">
            <summary>Field number for the "unit" field.</summary>
        </member>
        <member name="F:WowPacketParser.Proto.PacketSetAnimKit.AnimKitFieldNumber">
            <summary>Field number for the "animKit" field.</summary>
        </member>
        <member name="F:WowPacketParser.Proto.PacketPlaySpellVisualKit.UnitFieldNumber">
            <summary>Field number for the "unit" field.</summary>
        </member>
        <member name="F:WowPacketParser.Proto.PacketPlaySpellVisualKit.KitRecIdFieldNumber">
            <summary>Field number for the "kitRecId" field.</summary>
        </member>
        <member name="F:WowPacketParser.Proto.PacketPlaySpellVisualKit.KitTypeFieldNumber">
            <summary>Field number for the "kitType" field.</summary>
        </member>
        <member name="F:WowPacketParser.Proto.PacketPlaySpellVisualKit.DurationFieldNumber">
            <summary>Field number for the "duration" field.</summary>
        </member>
        <member name="F:WowPacketParser.Proto.PacketQuestGiverAcceptQuest.QuestGiverFieldNumber">
            <summary>Field number for the "questGiver" field.</summary>
        </member>
        <member name="F:WowPacketParser.Proto.PacketQuestGiverAcceptQuest.QuestIdFieldNumber">
            <summary>Field number for the "questId" field.</summary>
        </member>
        <member name="F:WowPacketParser.Proto.PacketQuestGiverCompleteQuestRequest.QuestGiverFieldNumber">
            <summary>Field number for the "questGiver" field.</summary>
        </member>
        <member name="F:WowPacketParser.Proto.PacketQuestGiverCompleteQuestRequest.QuestIdFieldNumber">
            <summary>Field number for the "questId" field.</summary>
        </member>
        <member name="F:WowPacketParser.Proto.PacketQuestGiverQuestComplete.QuestIdFieldNumber">
            <summary>Field number for the "questId" field.</summary>
        </member>
        <member name="F:WowPacketParser.Proto.Currency.IdFieldNumber">
            <summary>Field number for the "id" field.</summary>
        </member>
        <member name="F:WowPacketParser.Proto.Currency.CountFieldNumber">
            <summary>Field number for the "count" field.</summary>
        </member>
        <member name="F:WowPacketParser.Proto.QuestCollect.IdFieldNumber">
            <summary>Field number for the "id" field.</summary>
        </member>
        <member name="F:WowPacketParser.Proto.QuestCollect.CountFieldNumber">
            <summary>Field number for the "count" field.</summary>
        </member>
        <member name="F:WowPacketParser.Proto.QuestCollect.FlagsFieldNumber">
            <summary>Field number for the "flags" field.</summary>
        </member>
        <member name="F:WowPacketParser.Proto.PacketQuestGiverRequestItems.QuestIdFieldNumber">
            <summary>Field number for the "questId" field.</summary>
        </member>
        <member name="F:WowPacketParser.Proto.PacketQuestGiverRequestItems.QuestGiverFieldNumber">
            <summary>Field number for the "questGiver" field.</summary>
        </member>
        <member name="F:WowPacketParser.Proto.PacketQuestGiverRequestItems.QuestGiverEntryFieldNumber">
            <summary>Field number for the "questGiverEntry" field.</summary>
        </member>
        <member name="F:WowPacketParser.Proto.PacketQuestGiverRequestItems.EmoteDelayFieldNumber">
            <summary>Field number for the "emoteDelay" field.</summary>
        </member>
        <member name="F:WowPacketParser.Proto.PacketQuestGiverRequestItems.EmoteTypeFieldNumber">
            <summary>Field number for the "emoteType" field.</summary>
        </member>
        <member name="F:WowPacketParser.Proto.PacketQuestGiverRequestItems.QuestFlagsFieldNumber">
            <summary>Field number for the "questFlags" field.</summary>
        </member>
        <member name="F:WowPacketParser.Proto.PacketQuestGiverRequestItems.QuestFlags2FieldNumber">
            <summary>Field number for the "questFlags2" field.</summary>
        </member>
        <member name="F:WowPacketParser.Proto.PacketQuestGiverRequestItems.SuggestedPartyMembersFieldNumber">
            <summary>Field number for the "suggestedPartyMembers" field.</summary>
        </member>
        <member name="F:WowPacketParser.Proto.PacketQuestGiverRequestItems.MoneyToGetFieldNumber">
            <summary>Field number for the "moneyToGet" field.</summary>
        </member>
        <member name="F:WowPacketParser.Proto.PacketQuestGiverRequestItems.CollectCountFieldNumber">
            <summary>Field number for the "CollectCount" field.</summary>
        </member>
        <member name="F:WowPacketParser.Proto.PacketQuestGiverRequestItems.CurrencyCountFieldNumber">
            <summary>Field number for the "CurrencyCount" field.</summary>
        </member>
        <member name="F:WowPacketParser.Proto.PacketQuestGiverRequestItems.StatusFlagsFieldNumber">
            <summary>Field number for the "statusFlags" field.</summary>
        </member>
        <member name="F:WowPacketParser.Proto.PacketQuestGiverRequestItems.AutoLaunchedFieldNumber">
            <summary>Field number for the "autoLaunched" field.</summary>
        </member>
        <member name="F:WowPacketParser.Proto.PacketQuestGiverRequestItems.CanIgnoreQuestFieldNumber">
            <summary>Field number for the "canIgnoreQuest" field.</summary>
        </member>
        <member name="F:WowPacketParser.Proto.PacketQuestGiverRequestItems.IsQuestIgnoredFieldNumber">
            <summary>Field number for the "isQuestIgnored" field.</summary>
        </member>
        <member name="F:WowPacketParser.Proto.PacketQuestGiverRequestItems.QuestTitleFieldNumber">
            <summary>Field number for the "questTitle" field.</summary>
        </member>
        <member name="F:WowPacketParser.Proto.PacketQuestGiverRequestItems.CompletionTextFieldNumber">
            <summary>Field number for the "completionText" field.</summary>
        </member>
        <member name="F:WowPacketParser.Proto.PacketQuestGiverRequestItems.CurrenciesFieldNumber">
            <summary>Field number for the "currencies" field.</summary>
        </member>
        <member name="F:WowPacketParser.Proto.PacketQuestGiverRequestItems.CollectFieldNumber">
            <summary>Field number for the "collect" field.</summary>
        </member>
        <member name="F:WowPacketParser.Proto.PacketNpcTextEntry.ProbabilityFieldNumber">
            <summary>Field number for the "probability" field.</summary>
        </member>
        <member name="F:WowPacketParser.Proto.PacketNpcTextEntry.BroadcastTextIdFieldNumber">
            <summary>Field number for the "broadcastTextId" field.</summary>
        </member>
        <member name="F:WowPacketParser.Proto.PacketNpcText.EntryFieldNumber">
            <summary>Field number for the "entry" field.</summary>
        </member>
        <member name="F:WowPacketParser.Proto.PacketNpcText.TextsFieldNumber">
            <summary>Field number for the "texts" field.</summary>
        </member>
        <member name="F:WowPacketParser.Proto.BroadcastTextEmote.EmoteIdFieldNumber">
            <summary>Field number for the "emoteId" field.</summary>
        </member>
        <member name="F:WowPacketParser.Proto.BroadcastTextEmote.DelayFieldNumber">
            <summary>Field number for the "delay" field.</summary>
        </member>
        <member name="F:WowPacketParser.Proto.PacketNpcTextOldEntry.ProbabilityFieldNumber">
            <summary>Field number for the "probability" field.</summary>
        </member>
        <member name="F:WowPacketParser.Proto.PacketNpcTextOldEntry.Text0FieldNumber">
            <summary>Field number for the "text0" field.</summary>
        </member>
        <member name="F:WowPacketParser.Proto.PacketNpcTextOldEntry.Text1FieldNumber">
            <summary>Field number for the "text1" field.</summary>
        </member>
        <member name="F:WowPacketParser.Proto.PacketNpcTextOldEntry.LanguageFieldNumber">
            <summary>Field number for the "language" field.</summary>
        </member>
        <member name="F:WowPacketParser.Proto.PacketNpcTextOldEntry.EmotesFieldNumber">
            <summary>Field number for the "emotes" field.</summary>
        </member>
        <member name="F:WowPacketParser.Proto.PacketNpcTextOld.EntryFieldNumber">
            <summary>Field number for the "entry" field.</summary>
        </member>
        <member name="F:WowPacketParser.Proto.PacketNpcTextOld.TextsFieldNumber">
            <summary>Field number for the "texts" field.</summary>
        </member>
        <member name="F:WowPacketParser.Proto.PacketDbReplyBroadcastText.IdFieldNumber">
            <summary>Field number for the "id" field.</summary>
        </member>
        <member name="F:WowPacketParser.Proto.PacketDbReplyBroadcastText.Text0FieldNumber">
            <summary>Field number for the "text0" field.</summary>
        </member>
        <member name="F:WowPacketParser.Proto.PacketDbReplyBroadcastText.Text1FieldNumber">
            <summary>Field number for the "text1" field.</summary>
        </member>
        <member name="F:WowPacketParser.Proto.PacketDbReplyBroadcastText.LanguageFieldNumber">
            <summary>Field number for the "language" field.</summary>
        </member>
        <member name="F:WowPacketParser.Proto.PacketDbReplyBroadcastText.ConditionIdFieldNumber">
            <summary>Field number for the "conditionId" field.</summary>
        </member>
        <member name="F:WowPacketParser.Proto.PacketDbReplyBroadcastText.EmotesIdFieldNumber">
            <summary>Field number for the "emotesId" field.</summary>
        </member>
        <member name="F:WowPacketParser.Proto.PacketDbReplyBroadcastText.FlagsFieldNumber">
            <summary>Field number for the "flags" field.</summary>
        </member>
        <member name="F:WowPacketParser.Proto.PacketDbReplyBroadcastText.ChatBubbleDurationFieldNumber">
            <summary>Field number for the "chatBubbleDuration" field.</summary>
        </member>
        <member name="F:WowPacketParser.Proto.PacketDbReplyBroadcastText.SoundsFieldNumber">
            <summary>Field number for the "sounds" field.</summary>
        </member>
        <member name="F:WowPacketParser.Proto.PacketDbReplyBroadcastText.EmotesFieldNumber">
            <summary>Field number for the "emotes" field.</summary>
        </member>
        <member name="F:WowPacketParser.Proto.PacketDbReply.TableHashFieldNumber">
            <summary>Field number for the "tableHash" field.</summary>
        </member>
        <member name="F:WowPacketParser.Proto.PacketDbReply.RecordIdFieldNumber">
            <summary>Field number for the "recordId" field.</summary>
        </member>
        <member name="F:WowPacketParser.Proto.PacketDbReply.TimeFieldNumber">
            <summary>Field number for the "time" field.</summary>
        </member>
        <member name="F:WowPacketParser.Proto.PacketDbReply.StatusFieldNumber">
            <summary>Field number for the "status" field.</summary>
        </member>
        <member name="F:WowPacketParser.Proto.PacketDbReply.BroadcastTextFieldNumber">
            <summary>Field number for the "broadcastText" field.</summary>
        </member>
        <member name="T:WowPacketParser.Proto.PacketDbReply.KindOneofCase">
            <summary>Enum of possible cases for the "kind" oneof.</summary>
        </member>
        <member name="F:WowPacketParser.Proto.UpdateValuesLegacy.IntsFieldNumber">
            <summary>Field number for the "ints" field.</summary>
        </member>
        <member name="F:WowPacketParser.Proto.UpdateValuesLegacy.FloatsFieldNumber">
            <summary>Field number for the "floats" field.</summary>
        </member>
        <member name="F:WowPacketParser.Proto.UpdateValuesLegacy.GuidsFieldNumber">
            <summary>Field number for the "guids" field.</summary>
        </member>
        <member name="F:WowPacketParser.Proto.UpdateValuesLegacy.QuaternionsFieldNumber">
            <summary>Field number for the "quaternions" field.</summary>
        </member>
        <member name="F:WowPacketParser.Proto.VisibleItemFields.ItemIDFieldNumber">
            <summary>Field number for the "itemID" field.</summary>
        </member>
        <member name="F:WowPacketParser.Proto.VisibleItemFields.ItemAppearanceModIDFieldNumber">
            <summary>Field number for the "itemAppearanceModID" field.</summary>
        </member>
        <member name="F:WowPacketParser.Proto.VisibleItemFields.ItemVisualFieldNumber">
            <summary>Field number for the "itemVisual" field.</summary>
        </member>
        <member name="F:WowPacketParser.Proto.UInt32ValueWrapper.ValueFieldNumber">
            <summary>Field number for the "value" field.</summary>
        </member>
        <member name="F:WowPacketParser.Proto.Int32ValueWrapper.ValueFieldNumber">
            <summary>Field number for the "value" field.</summary>
        </member>
        <member name="F:WowPacketParser.Proto.UpdateValuesUnitDataFields.DisplayIDFieldNumber">
            <summary>Field number for the "displayID" field.</summary>
        </member>
        <member name="F:WowPacketParser.Proto.UpdateValuesUnitDataFields.NpcFlagsFieldNumber">
            <summary>Field number for the "npcFlags" field.</summary>
        </member>
        <member name="F:WowPacketParser.Proto.UpdateValuesUnitDataFields.SummonedByFieldNumber">
            <summary>Field number for the "summonedBy" field.</summary>
        </member>
        <member name="F:WowPacketParser.Proto.UpdateValuesUnitDataFields.CreatedByFieldNumber">
            <summary>Field number for the "createdBy" field.</summary>
        </member>
        <member name="F:WowPacketParser.Proto.UpdateValuesUnitDataFields.ClassIdFieldNumber">
            <summary>Field number for the "classId" field.</summary>
        </member>
        <member name="F:WowPacketParser.Proto.UpdateValuesUnitDataFields.SexFieldNumber">
            <summary>Field number for the "sex" field.</summary>
        </member>
        <member name="F:WowPacketParser.Proto.UpdateValuesUnitDataFields.HealthFieldNumber">
            <summary>Field number for the "health" field.</summary>
        </member>
        <member name="F:WowPacketParser.Proto.UpdateValuesUnitDataFields.PowerFieldNumber">
            <summary>Field number for the "power" field.</summary>
        </member>
        <member name="F:WowPacketParser.Proto.UpdateValuesUnitDataFields.MaxPowerFieldNumber">
            <summary>Field number for the "maxPower" field.</summary>
        </member>
        <member name="F:WowPacketParser.Proto.UpdateValuesUnitDataFields.MaxHealthFieldNumber">
            <summary>Field number for the "maxHealth" field.</summary>
        </member>
        <member name="F:WowPacketParser.Proto.UpdateValuesUnitDataFields.LevelFieldNumber">
            <summary>Field number for the "level" field.</summary>
        </member>
        <member name="F:WowPacketParser.Proto.UpdateValuesUnitDataFields.ContentTuningIDFieldNumber">
            <summary>Field number for the "contentTuningID" field.</summary>
        </member>
        <member name="F:WowPacketParser.Proto.UpdateValuesUnitDataFields.ScalingLevelMinFieldNumber">
            <summary>Field number for the "scalingLevelMin" field.</summary>
        </member>
        <member name="F:WowPacketParser.Proto.UpdateValuesUnitDataFields.ScalingLevelMaxFieldNumber">
            <summary>Field number for the "scalingLevelMax" field.</summary>
        </member>
        <member name="F:WowPacketParser.Proto.UpdateValuesUnitDataFields.ScalingLevelDeltaFieldNumber">
            <summary>Field number for the "scalingLevelDelta" field.</summary>
        </member>
        <member name="F:WowPacketParser.Proto.UpdateValuesUnitDataFields.FactionTemplateFieldNumber">
            <summary>Field number for the "factionTemplate" field.</summary>
        </member>
        <member name="F:WowPacketParser.Proto.UpdateValuesUnitDataFields.VirtualItemsFieldNumber">
            <summary>Field number for the "virtualItems" field.</summary>
        </member>
        <member name="F:WowPacketParser.Proto.UpdateValuesUnitDataFields.FlagsFieldNumber">
            <summary>Field number for the "flags" field.</summary>
        </member>
        <member name="F:WowPacketParser.Proto.UpdateValuesUnitDataFields.Flags2FieldNumber">
            <summary>Field number for the "flags2" field.</summary>
        </member>
        <member name="F:WowPacketParser.Proto.UpdateValuesUnitDataFields.Flags3FieldNumber">
            <summary>Field number for the "flags3" field.</summary>
        </member>
        <member name="F:WowPacketParser.Proto.UpdateValuesUnitDataFields.AttackRoundBaseTimeFieldNumber">
            <summary>Field number for the "attackRoundBaseTime" field.</summary>
        </member>
        <member name="F:WowPacketParser.Proto.UpdateValuesUnitDataFields.RangedAttackRoundBaseTimeFieldNumber">
            <summary>Field number for the "rangedAttackRoundBaseTime" field.</summary>
        </member>
        <member name="F:WowPacketParser.Proto.UpdateValuesUnitDataFields.BoundingRadiusFieldNumber">
            <summary>Field number for the "boundingRadius" field.</summary>
        </member>
        <member name="F:WowPacketParser.Proto.UpdateValuesUnitDataFields.CombatReachFieldNumber">
            <summary>Field number for the "combatReach" field.</summary>
        </member>
        <member name="F:WowPacketParser.Proto.UpdateValuesUnitDataFields.MountDisplayIDFieldNumber">
            <summary>Field number for the "mountDisplayID" field.</summary>
        </member>
        <member name="F:WowPacketParser.Proto.UpdateValuesUnitDataFields.StandStateFieldNumber">
            <summary>Field number for the "standState" field.</summary>
        </member>
        <member name="F:WowPacketParser.Proto.UpdateValuesUnitDataFields.PetTalentPointsFieldNumber">
            <summary>Field number for the "petTalentPoints" field.</summary>
        </member>
        <member name="F:WowPacketParser.Proto.UpdateValuesUnitDataFields.VisFlagsFieldNumber">
            <summary>Field number for the "visFlags" field.</summary>
        </member>
        <member name="F:WowPacketParser.Proto.UpdateValuesUnitDataFields.AnimTierFieldNumber">
            <summary>Field number for the "animTier" field.</summary>
        </member>
        <member name="F:WowPacketParser.Proto.UpdateValuesUnitDataFields.CreatedBySpellFieldNumber">
            <summary>Field number for the "createdBySpell" field.</summary>
        </member>
        <member name="F:WowPacketParser.Proto.UpdateValuesUnitDataFields.EmoteStateFieldNumber">
            <summary>Field number for the "emoteState" field.</summary>
        </member>
        <member name="F:WowPacketParser.Proto.UpdateValuesUnitDataFields.SheatheStateFieldNumber">
            <summary>Field number for the "sheatheState" field.</summary>
        </member>
        <member name="F:WowPacketParser.Proto.UpdateValuesUnitDataFields.PvpFlagsFieldNumber">
            <summary>Field number for the "pvpFlags" field.</summary>
        </member>
        <member name="F:WowPacketParser.Proto.UpdateValuesUnitDataFields.PetFlagsFieldNumber">
            <summary>Field number for the "petFlags" field.</summary>
        </member>
        <member name="F:WowPacketParser.Proto.UpdateValuesUnitDataFields.ShapeshiftFormFieldNumber">
            <summary>Field number for the "shapeshiftForm" field.</summary>
        </member>
        <member name="F:WowPacketParser.Proto.UpdateValuesUnitDataFields.HoverHeightFieldNumber">
            <summary>Field number for the "hoverHeight" field.</summary>
        </member>
        <member name="F:WowPacketParser.Proto.UpdateValuesUnitDataFields.InteractSpellIDFieldNumber">
            <summary>Field number for the "interactSpellID" field.</summary>
        </member>
        <member name="F:WowPacketParser.Proto.UpdateValuesUnitDataFields.StateSpellVisualIDFieldNumber">
            <summary>Field number for the "stateSpellVisualID" field.</summary>
        </member>
        <member name="F:WowPacketParser.Proto.UpdateValuesUnitDataFields.StateAnimIDFieldNumber">
            <summary>Field number for the "stateAnimID" field.</summary>
        </member>
        <member name="F:WowPacketParser.Proto.UpdateValuesUnitDataFields.StateAnimKitIDFieldNumber">
            <summary>Field number for the "stateAnimKitID" field.</summary>
        </member>
        <member name="F:WowPacketParser.Proto.UpdateValuesUnitDataFields.CharmFieldNumber">
            <summary>Field number for the "charm" field.</summary>
        </member>
        <member name="F:WowPacketParser.Proto.UpdateValuesUnitDataFields.SummonFieldNumber">
            <summary>Field number for the "summon" field.</summary>
        </member>
        <member name="F:WowPacketParser.Proto.UpdateValuesUnitDataFields.CritterFieldNumber">
            <summary>Field number for the "critter" field.</summary>
        </member>
        <member name="F:WowPacketParser.Proto.UpdateValuesUnitDataFields.DemonCreatorFieldNumber">
            <summary>Field number for the "demonCreator" field.</summary>
        </member>
        <member name="F:WowPacketParser.Proto.UpdateValuesUnitDataFields.LookAtControllerTargetFieldNumber">
            <summary>Field number for the "lookAtControllerTarget" field.</summary>
        </member>
        <member name="F:WowPacketParser.Proto.UpdateValuesUnitDataFields.TargetFieldNumber">
            <summary>Field number for the "target" field.</summary>
        </member>
        <member name="F:WowPacketParser.Proto.UpdateValuesUnitDataFields.RaceFieldNumber">
            <summary>Field number for the "race" field.</summary>
        </member>
        <member name="F:WowPacketParser.Proto.UpdateValuesUnitDataFields.DisplayPowerFieldNumber">
            <summary>Field number for the "displayPower" field.</summary>
        </member>
        <member name="F:WowPacketParser.Proto.UpdateValuesUnitDataFields.EffectiveLevelFieldNumber">
            <summary>Field number for the "effectiveLevel" field.</summary>
        </member>
        <member name="F:WowPacketParser.Proto.UpdateValuesUnitDataFields.AuraStateFieldNumber">
            <summary>Field number for the "auraState" field.</summary>
        </member>
        <member name="F:WowPacketParser.Proto.UpdateValuesUnitDataFields.DisplayScaleFieldNumber">
            <summary>Field number for the "displayScale" field.</summary>
        </member>
        <member name="F:WowPacketParser.Proto.UpdateValuesUnitDataFields.CreatureFamilyFieldNumber">
            <summary>Field number for the "creatureFamily" field.</summary>
        </member>
        <member name="F:WowPacketParser.Proto.UpdateValuesUnitDataFields.CreatureTypeFieldNumber">
            <summary>Field number for the "creatureType" field.</summary>
        </member>
        <member name="F:WowPacketParser.Proto.UpdateValuesUnitDataFields.NativeDisplayIDFieldNumber">
            <summary>Field number for the "nativeDisplayID" field.</summary>
        </member>
        <member name="F:WowPacketParser.Proto.UpdateValuesUnitDataFields.NativeXDisplayScaleFieldNumber">
            <summary>Field number for the "nativeXDisplayScale" field.</summary>
        </member>
        <member name="F:WowPacketParser.Proto.UpdateValuesUnitDataFields.ResistancesFieldNumber">
            <summary>Field number for the "resistances" field.</summary>
        </member>
        <member name="F:WowPacketParser.Proto.UpdateValuesUnitDataFields.BaseManaFieldNumber">
            <summary>Field number for the "baseMana" field.</summary>
        </member>
        <member name="F:WowPacketParser.Proto.UpdateValuesUnitDataFields.BaseHealthFieldNumber">
            <summary>Field number for the "baseHealth" field.</summary>
        </member>
        <member name="F:WowPacketParser.Proto.UpdateValuesUnitDataFields.CharmedByFieldNumber">
            <summary>Field number for the "charmedBy" field.</summary>
        </member>
        <member name="F:WowPacketParser.Proto.UpdateValuesGameObjectDataFields.CreatedByFieldNumber">
            <summary>Field number for the "createdBy" field.</summary>
        </member>
        <member name="F:WowPacketParser.Proto.UpdateValuesGameObjectDataFields.FlagsFieldNumber">
            <summary>Field number for the "flags" field.</summary>
        </member>
        <member name="F:WowPacketParser.Proto.UpdateValuesGameObjectDataFields.ParentRotationFieldNumber">
            <summary>Field number for the "parentRotation" field.</summary>
        </member>
        <member name="F:WowPacketParser.Proto.UpdateValuesGameObjectDataFields.FactionTemplateFieldNumber">
            <summary>Field number for the "factionTemplate" field.</summary>
        </member>
        <member name="F:WowPacketParser.Proto.UpdateValuesGameObjectDataFields.StateFieldNumber">
            <summary>Field number for the "state" field.</summary>
        </member>
        <member name="F:WowPacketParser.Proto.UpdateValuesGameObjectDataFields.TypeIDFieldNumber">
            <summary>Field number for the "typeID" field.</summary>
        </member>
        <member name="F:WowPacketParser.Proto.UpdateValuesGameObjectDataFields.PercentHealthFieldNumber">
            <summary>Field number for the "percentHealth" field.</summary>
        </member>
        <member name="F:WowPacketParser.Proto.UpdateValuesGameObjectDataFields.DisplayIDFieldNumber">
            <summary>Field number for the "displayID" field.</summary>
        </member>
        <member name="F:WowPacketParser.Proto.UpdateValuesGameObjectDataFields.ArtKitFieldNumber">
            <summary>Field number for the "artKit" field.</summary>
        </member>
        <member name="F:WowPacketParser.Proto.UpdateValuesGameObjectDataFields.LevelFieldNumber">
            <summary>Field number for the "level" field.</summary>
        </member>
        <member name="F:WowPacketParser.Proto.UpdateValuesObjectDataFields.EntryIDFieldNumber">
            <summary>Field number for the "entryID" field.</summary>
        </member>
        <member name="F:WowPacketParser.Proto.UpdateValuesObjectDataFields.DynamicFlagsFieldNumber">
            <summary>Field number for the "dynamicFlags" field.</summary>
        </member>
        <member name="F:WowPacketParser.Proto.UpdateValuesObjectDataFields.ScaleFieldNumber">
            <summary>Field number for the "scale" field.</summary>
        </member>
        <member name="F:WowPacketParser.Proto.UpdateValuesObjectDataFields.UnitFieldNumber">
            <summary>Field number for the "unit" field.</summary>
        </member>
        <member name="F:WowPacketParser.Proto.UpdateValuesObjectDataFields.GameobjectFieldNumber">
            <summary>Field number for the "gameobject" field.</summary>
        </member>
        <member name="F:WowPacketParser.Proto.UpdateValues.LegacyFieldNumber">
            <summary>Field number for the "legacy" field.</summary>
        </member>
        <member name="F:WowPacketParser.Proto.UpdateValues.FieldsFieldNumber">
            <summary>Field number for the "fields" field.</summary>
        </member>
        <member name="T:WowPacketParser.Proto.UpdateValues.ValuesOneofCase">
            <summary>Enum of possible cases for the "values" oneof.</summary>
        </member>
        <member name="F:WowPacketParser.Proto.MovementUpdateTransport.TransportGuidFieldNumber">
            <summary>Field number for the "transportGuid" field.</summary>
        </member>
        <member name="F:WowPacketParser.Proto.MovementUpdateTransport.PositionFieldNumber">
            <summary>Field number for the "position" field.</summary>
        </member>
        <member name="F:WowPacketParser.Proto.MovementUpdateTransport.SeatFieldNumber">
            <summary>Field number for the "seat" field.</summary>
        </member>
        <member name="F:WowPacketParser.Proto.MovementUpdateTransport.MoveTimeFieldNumber">
            <summary>Field number for the "moveTime" field.</summary>
        </member>
        <member name="F:WowPacketParser.Proto.MovementUpdateTransport.PrevMoveTimeFieldNumber">
            <summary>Field number for the "prevMoveTime" field.</summary>
        </member>
        <member name="P:WowPacketParser.Proto.MovementUpdateTransport.HasPrevMoveTime">
            <summary>Gets whether the "prevMoveTime" field is set</summary>
        </member>
        <member name="M:WowPacketParser.Proto.MovementUpdateTransport.ClearPrevMoveTime">
            <summary>Clears the value of the "prevMoveTime" field</summary>
        </member>
        <member name="F:WowPacketParser.Proto.MovementUpdateTransport.VehicleIdFieldNumber">
            <summary>Field number for the "vehicleId" field.</summary>
        </member>
        <member name="P:WowPacketParser.Proto.MovementUpdateTransport.HasVehicleId">
            <summary>Gets whether the "vehicleId" field is set</summary>
        </member>
        <member name="M:WowPacketParser.Proto.MovementUpdateTransport.ClearVehicleId">
            <summary>Clears the value of the "vehicleId" field</summary>
        </member>
        <member name="F:WowPacketParser.Proto.MovementSplineMoveData.FlagsFieldNumber">
            <summary>Field number for the "flags" field.</summary>
        </member>
        <member name="F:WowPacketParser.Proto.MovementSplineMoveData.ElapsedFieldNumber">
            <summary>Field number for the "elapsed" field.</summary>
        </member>
        <member name="F:WowPacketParser.Proto.MovementSplineMoveData.DurationFieldNumber">
            <summary>Field number for the "duration" field.</summary>
        </member>
        <member name="F:WowPacketParser.Proto.MovementSplineMoveData.DurationModifierFieldNumber">
            <summary>Field number for the "durationModifier" field.</summary>
        </member>
        <member name="F:WowPacketParser.Proto.MovementSplineMoveData.NextDurationModifierFieldNumber">
            <summary>Field number for the "nextDurationModifier" field.</summary>
        </member>
        <member name="F:WowPacketParser.Proto.MovementSplineMoveData.LookPositionFieldNumber">
            <summary>Field number for the "lookPosition" field.</summary>
        </member>
        <member name="F:WowPacketParser.Proto.MovementSplineMoveData.LookOrientationFieldNumber">
            <summary>Field number for the "lookOrientation" field.</summary>
        </member>
        <member name="F:WowPacketParser.Proto.MovementSplineMoveData.LookTargetFieldNumber">
            <summary>Field number for the "lookTarget" field.</summary>
        </member>
        <member name="F:WowPacketParser.Proto.MovementSplineMoveData.JumpFieldNumber">
            <summary>Field number for the "jump" field.</summary>
        </member>
        <member name="F:WowPacketParser.Proto.MovementSplineMoveData.PointsFieldNumber">
            <summary>Field number for the "points" field.</summary>
        </member>
        <member name="T:WowPacketParser.Proto.MovementSplineMoveData.FacingOneofCase">
            <summary>Enum of possible cases for the "facing" oneof.</summary>
        </member>
        <member name="F:WowPacketParser.Proto.StationaryPositionData.PositionFieldNumber">
            <summary>Field number for the "position" field.</summary>
        </member>
        <member name="F:WowPacketParser.Proto.StationaryPositionData.OrientationFieldNumber">
            <summary>Field number for the "orientation" field.</summary>
        </member>
        <member name="F:WowPacketParser.Proto.MovementSplineData.IdFieldNumber">
            <summary>Field number for the "id" field.</summary>
        </member>
        <member name="F:WowPacketParser.Proto.MovementSplineData.DestinationFieldNumber">
            <summary>Field number for the "destination" field.</summary>
        </member>
        <member name="F:WowPacketParser.Proto.MovementSplineData.MoveDataFieldNumber">
            <summary>Field number for the "moveData" field.</summary>
        </member>
        <member name="F:WowPacketParser.Proto.MovementUpdate.MoverFieldNumber">
            <summary>Field number for the "mover" field.</summary>
        </member>
        <member name="F:WowPacketParser.Proto.MovementUpdate.MoveTimeFieldNumber">
            <summary>Field number for the "moveTime" field.</summary>
        </member>
        <member name="F:WowPacketParser.Proto.MovementUpdate.PositionFieldNumber">
            <summary>Field number for the "position" field.</summary>
        </member>
        <member name="F:WowPacketParser.Proto.MovementUpdate.OrientationFieldNumber">
            <summary>Field number for the "orientation" field.</summary>
        </member>
        <member name="F:WowPacketParser.Proto.MovementUpdate.PitchFieldNumber">
            <summary>Field number for the "pitch" field.</summary>
        </member>
        <member name="F:WowPacketParser.Proto.MovementUpdate.StepUpStartElevationFieldNumber">
            <summary>Field number for the "stepUpStartElevation" field.</summary>
        </member>
        <member name="F:WowPacketParser.Proto.MovementUpdate.MoveIndexFieldNumber">
            <summary>Field number for the "moveIndex" field.</summary>
        </member>
        <member name="F:WowPacketParser.Proto.MovementUpdate.WalkSpeedFieldNumber">
            <summary>Field number for the "walkSpeed" field.</summary>
        </member>
        <member name="F:WowPacketParser.Proto.MovementUpdate.RunSpeedFieldNumber">
            <summary>Field number for the "runSpeed" field.</summary>
        </member>
        <member name="F:WowPacketParser.Proto.MovementUpdate.TransportFieldNumber">
            <summary>Field number for the "transport" field.</summary>
        </member>
        <member name="F:WowPacketParser.Proto.MovementUpdate.FallTimeFieldNumber">
            <summary>Field number for the "fallTime" field.</summary>
        </member>
        <member name="P:WowPacketParser.Proto.MovementUpdate.HasFallTime">
            <summary>Gets whether the "fallTime" field is set</summary>
        </member>
        <member name="M:WowPacketParser.Proto.MovementUpdate.ClearFallTime">
            <summary>Clears the value of the "fallTime" field</summary>
        </member>
        <member name="F:WowPacketParser.Proto.MovementUpdate.JumpVelocityFieldNumber">
            <summary>Field number for the "jumpVelocity" field.</summary>
        </member>
        <member name="P:WowPacketParser.Proto.MovementUpdate.HasJumpVelocity">
            <summary>Gets whether the "jumpVelocity" field is set</summary>
        </member>
        <member name="M:WowPacketParser.Proto.MovementUpdate.ClearJumpVelocity">
            <summary>Clears the value of the "jumpVelocity" field</summary>
        </member>
        <member name="F:WowPacketParser.Proto.MovementUpdate.SplineDataFieldNumber">
            <summary>Field number for the "splineData" field.</summary>
        </member>
        <member name="F:WowPacketParser.Proto.VehicleCreate.VehicleIdFieldNumber">
            <summary>Field number for the "vehicleId" field.</summary>
        </member>
        <member name="F:WowPacketParser.Proto.VehicleCreate.InitialRawFacingFieldNumber">
            <summary>Field number for the "initialRawFacing" field.</summary>
        </member>
        <member name="F:WowPacketParser.Proto.CreateObject.GuidFieldNumber">
            <summary>Field number for the "guid" field.</summary>
        </member>
        <member name="F:WowPacketParser.Proto.CreateObject.ValuesFieldNumber">
            <summary>Field number for the "values" field.</summary>
        </member>
        <member name="F:WowPacketParser.Proto.CreateObject.CreateTypeFieldNumber">
            <summary>Field number for the "createType" field.</summary>
        </member>
        <member name="F:WowPacketParser.Proto.CreateObject.MovementFieldNumber">
            <summary>Field number for the "movement" field.</summary>
        </member>
        <member name="F:WowPacketParser.Proto.CreateObject.TransportFieldNumber">
            <summary>Field number for the "transport" field.</summary>
        </member>
        <member name="F:WowPacketParser.Proto.CreateObject.StationaryFieldNumber">
            <summary>Field number for the "stationary" field.</summary>
        </member>
        <member name="F:WowPacketParser.Proto.CreateObject.VehicleFieldNumber">
            <summary>Field number for the "vehicle" field.</summary>
        </member>
        <member name="F:WowPacketParser.Proto.CreateObject.RotationFieldNumber">
            <summary>Field number for the "rotation" field.</summary>
        </member>
        <member name="F:WowPacketParser.Proto.CreateObject.TextStartOffsetFieldNumber">
            <summary>Field number for the "textStartOffset" field.</summary>
        </member>
        <member name="F:WowPacketParser.Proto.CreateObject.TextLengthFieldNumber">
            <summary>Field number for the "textLength" field.</summary>
        </member>
        <member name="F:WowPacketParser.Proto.CreateObject.TextFieldNumber">
            <summary>Field number for the "text" field.</summary>
        </member>
        <member name="P:WowPacketParser.Proto.CreateObject.HasText">
            <summary>Gets whether the "text" field is set</summary>
        </member>
        <member name="M:WowPacketParser.Proto.CreateObject.ClearText">
            <summary>Clears the value of the "text" field</summary>
        </member>
        <member name="F:WowPacketParser.Proto.UpdateObject.GuidFieldNumber">
            <summary>Field number for the "guid" field.</summary>
        </member>
        <member name="F:WowPacketParser.Proto.UpdateObject.ValuesFieldNumber">
            <summary>Field number for the "values" field.</summary>
        </member>
        <member name="F:WowPacketParser.Proto.UpdateObject.TextStartOffsetFieldNumber">
            <summary>Field number for the "textStartOffset" field.</summary>
        </member>
        <member name="F:WowPacketParser.Proto.UpdateObject.TextLengthFieldNumber">
            <summary>Field number for the "textLength" field.</summary>
        </member>
        <member name="F:WowPacketParser.Proto.UpdateObject.TextFieldNumber">
            <summary>Field number for the "text" field.</summary>
        </member>
        <member name="P:WowPacketParser.Proto.UpdateObject.HasText">
            <summary>Gets whether the "text" field is set</summary>
        </member>
        <member name="M:WowPacketParser.Proto.UpdateObject.ClearText">
            <summary>Clears the value of the "text" field</summary>
        </member>
        <member name="F:WowPacketParser.Proto.DestroyedObject.GuidFieldNumber">
            <summary>Field number for the "guid" field.</summary>
        </member>
        <member name="F:WowPacketParser.Proto.DestroyedObject.TextStartOffsetFieldNumber">
            <summary>Field number for the "textStartOffset" field.</summary>
        </member>
        <member name="F:WowPacketParser.Proto.DestroyedObject.TextLengthFieldNumber">
            <summary>Field number for the "textLength" field.</summary>
        </member>
        <member name="F:WowPacketParser.Proto.DestroyedObject.TextFieldNumber">
            <summary>Field number for the "text" field.</summary>
        </member>
        <member name="P:WowPacketParser.Proto.DestroyedObject.HasText">
            <summary>Gets whether the "text" field is set</summary>
        </member>
        <member name="M:WowPacketParser.Proto.DestroyedObject.ClearText">
            <summary>Clears the value of the "text" field</summary>
        </member>
        <member name="F:WowPacketParser.Proto.PacketUpdateObject.DestroyedFieldNumber">
            <summary>Field number for the "destroyed" field.</summary>
        </member>
        <member name="F:WowPacketParser.Proto.PacketUpdateObject.OutOfRangeFieldNumber">
            <summary>Field number for the "outOfRange" field.</summary>
        </member>
        <member name="F:WowPacketParser.Proto.PacketUpdateObject.CreatedFieldNumber">
            <summary>Field number for the "created" field.</summary>
        </member>
        <member name="F:WowPacketParser.Proto.PacketUpdateObject.UpdatedFieldNumber">
            <summary>Field number for the "updated" field.</summary>
        </member>
        <member name="F:WowPacketParser.Proto.PacketUpdateObject.MapIdFieldNumber">
            <summary>Field number for the "mapId" field.</summary>
        </member>
        <member name="F:WowPacketParser.Proto.PacketQueryGameObjectResponse.EntryFieldNumber">
            <summary>Field number for the "entry" field.</summary>
        </member>
        <member name="F:WowPacketParser.Proto.PacketQueryGameObjectResponse.HasDataFieldNumber">
            <summary>Field number for the "hasData" field.</summary>
        </member>
        <member name="F:WowPacketParser.Proto.PacketQueryGameObjectResponse.TypeFieldNumber">
            <summary>Field number for the "type" field.</summary>
        </member>
        <member name="F:WowPacketParser.Proto.PacketQueryGameObjectResponse.ModelFieldNumber">
            <summary>Field number for the "model" field.</summary>
        </member>
        <member name="F:WowPacketParser.Proto.PacketQueryGameObjectResponse.NameFieldNumber">
            <summary>Field number for the "name" field.</summary>
        </member>
        <member name="F:WowPacketParser.Proto.PacketQueryGameObjectResponse.IconNameFieldNumber">
            <summary>Field number for the "iconName" field.</summary>
        </member>
        <member name="F:WowPacketParser.Proto.PacketQueryGameObjectResponse.CastCaptionFieldNumber">
            <summary>Field number for the "castCaption" field.</summary>
        </member>
        <member name="F:WowPacketParser.Proto.PacketQueryGameObjectResponse.DataFieldNumber">
            <summary>Field number for the "data" field.</summary>
        </member>
        <member name="F:WowPacketParser.Proto.PacketQueryGameObjectResponse.SizeFieldNumber">
            <summary>Field number for the "size" field.</summary>
        </member>
        <member name="F:WowPacketParser.Proto.PacketQueryGameObjectResponse.ItemsFieldNumber">
            <summary>Field number for the "items" field.</summary>
        </member>
        <member name="F:WowPacketParser.Proto.PacketQueryGameObjectResponse.ContentTuningIdFieldNumber">
            <summary>Field number for the "contentTuningId" field.</summary>
        </member>
        <member name="F:WowPacketParser.Proto.PacketQueryGameObjectResponse.RequiredLevelFieldNumber">
            <summary>Field number for the "requiredLevel" field.</summary>
        </member>
        <member name="T:WowPacketParser.Proto.PacketQueryGameObjectResponse.LevelOneofCase">
            <summary>Enum of possible cases for the "level" oneof.</summary>
        </member>
        <member name="F:WowPacketParser.Proto.PacketQueryCreatureResponse.EntryFieldNumber">
            <summary>Field number for the "entry" field.</summary>
        </member>
        <member name="F:WowPacketParser.Proto.PacketQueryCreatureResponse.HasDataFieldNumber">
            <summary>Field number for the "hasData" field.</summary>
        </member>
        <member name="F:WowPacketParser.Proto.PacketQueryCreatureResponse.LeaderFieldNumber">
            <summary>Field number for the "leader" field.</summary>
        </member>
        <member name="F:WowPacketParser.Proto.PacketQueryCreatureResponse.NameFieldNumber">
            <summary>Field number for the "name" field.</summary>
        </member>
        <member name="F:WowPacketParser.Proto.PacketQueryCreatureResponse.NameAltFieldNumber">
            <summary>Field number for the "nameAlt" field.</summary>
        </member>
        <member name="F:WowPacketParser.Proto.PacketQueryCreatureResponse.TypeFlagsFieldNumber">
            <summary>Field number for the "typeFlags" field.</summary>
        </member>
        <member name="F:WowPacketParser.Proto.PacketQueryCreatureResponse.TypeFlags2FieldNumber">
            <summary>Field number for the "typeFlags2" field.</summary>
        </member>
        <member name="F:WowPacketParser.Proto.PacketQueryCreatureResponse.TypeFieldNumber">
            <summary>Field number for the "type" field.</summary>
        </member>
        <member name="F:WowPacketParser.Proto.PacketQueryCreatureResponse.FamilyFieldNumber">
            <summary>Field number for the "family" field.</summary>
        </member>
        <member name="F:WowPacketParser.Proto.PacketQueryCreatureResponse.RankFieldNumber">
            <summary>Field number for the "rank" field.</summary>
        </member>
        <member name="F:WowPacketParser.Proto.PacketQueryCreatureResponse.KillCreditsFieldNumber">
            <summary>Field number for the "killCredits" field.</summary>
        </member>
        <member name="F:WowPacketParser.Proto.PacketQueryCreatureResponse.ModelsFieldNumber">
            <summary>Field number for the "models" field.</summary>
        </member>
        <member name="F:WowPacketParser.Proto.PacketQueryCreatureResponse.HpModFieldNumber">
            <summary>Field number for the "hpMod" field.</summary>
        </member>
        <member name="F:WowPacketParser.Proto.PacketQueryCreatureResponse.ManaModFieldNumber">
            <summary>Field number for the "manaMod" field.</summary>
        </member>
        <member name="F:WowPacketParser.Proto.PacketQueryCreatureResponse.QuestItemsFieldNumber">
            <summary>Field number for the "questItems" field.</summary>
        </member>
        <member name="F:WowPacketParser.Proto.PacketQueryCreatureResponse.QuestCurrenciesFieldNumber">
            <summary>Field number for the "questCurrencies" field.</summary>
        </member>
        <member name="F:WowPacketParser.Proto.PacketQueryCreatureResponse.MovementIdFieldNumber">
            <summary>Field number for the "movementId" field.</summary>
        </member>
        <member name="F:WowPacketParser.Proto.PacketQueryCreatureResponse.HpScalingExpFieldNumber">
            <summary>Field number for the "hpScalingExp" field.</summary>
        </member>
        <member name="F:WowPacketParser.Proto.PacketQueryCreatureResponse.ExpansionFieldNumber">
            <summary>Field number for the "expansion" field.</summary>
        </member>
        <member name="F:WowPacketParser.Proto.PacketQueryCreatureResponse.TitleFieldNumber">
            <summary>Field number for the "title" field.</summary>
        </member>
        <member name="F:WowPacketParser.Proto.PacketQueryCreatureResponse.TitleAltFieldNumber">
            <summary>Field number for the "titleAlt" field.</summary>
        </member>
        <member name="F:WowPacketParser.Proto.PacketQueryCreatureResponse.IconNameFieldNumber">
            <summary>Field number for the "iconName" field.</summary>
        </member>
        <member name="F:WowPacketParser.Proto.PacketClientAreaTrigger.AreaTriggerFieldNumber">
            <summary>Field number for the "areaTrigger" field.</summary>
        </member>
        <member name="F:WowPacketParser.Proto.PacketClientAreaTrigger.EnterFieldNumber">
            <summary>Field number for the "enter" field.</summary>
        </member>
        <member name="F:WowPacketParser.Proto.PacketQueryPlayerNameResponse.PlayerGuidFieldNumber">
            <summary>Field number for the "playerGuid" field.</summary>
        </member>
        <member name="F:WowPacketParser.Proto.PacketQueryPlayerNameResponse.HasDataFieldNumber">
            <summary>Field number for the "hasData" field.</summary>
        </member>
        <member name="F:WowPacketParser.Proto.PacketQueryPlayerNameResponse.PlayerNameFieldNumber">
            <summary>Field number for the "playerName" field.</summary>
        </member>
        <member name="F:WowPacketParser.Proto.PacketQueryPlayerNameResponse.RaceFieldNumber">
            <summary>Field number for the "race" field.</summary>
        </member>
        <member name="F:WowPacketParser.Proto.PacketQueryPlayerNameResponse.GenderFieldNumber">
            <summary>Field number for the "gender" field.</summary>
        </member>
        <member name="F:WowPacketParser.Proto.PacketQueryPlayerNameResponse.ClassFieldNumber">
            <summary>Field number for the "class" field.</summary>
        </member>
        <member name="F:WowPacketParser.Proto.PacketQueryPlayerNameResponse.LevelFieldNumber">
            <summary>Field number for the "level" field.</summary>
        </member>
        <member name="F:WowPacketParser.Proto.PacketQueryPlayerNameResponseWrapper.ResponsesFieldNumber">
            <summary>Field number for the "responses" field.</summary>
        </member>
        <member name="F:WowPacketParser.Proto.PacketQuestComplete.QuestIdFieldNumber">
            <summary>Field number for the "questId" field.</summary>
        </member>
        <member name="F:WowPacketParser.Proto.PacketQuestFailed.QuestIdFieldNumber">
            <summary>Field number for the "questId" field.</summary>
        </member>
        <member name="F:WowPacketParser.Proto.PacketQuestFailed.TimerFailFieldNumber">
            <summary>Field number for the "timerFail" field.</summary>
        </member>
        <member name="F:WowPacketParser.Proto.PacketQuestAddKillCredit.QuestIdFieldNumber">
            <summary>Field number for the "questId" field.</summary>
        </member>
        <member name="F:WowPacketParser.Proto.PacketQuestAddKillCredit.KillCreditFieldNumber">
            <summary>Field number for the "killCredit" field.</summary>
        </member>
        <member name="F:WowPacketParser.Proto.PacketQuestAddKillCredit.CountFieldNumber">
            <summary>Field number for the "count" field.</summary>
        </member>
        <member name="F:WowPacketParser.Proto.PacketQuestAddKillCredit.RequiredCountFieldNumber">
            <summary>Field number for the "requiredCount" field.</summary>
        </member>
        <member name="F:WowPacketParser.Proto.PacketQuestAddKillCredit.VictimFieldNumber">
            <summary>Field number for the "victim" field.</summary>
        </member>
        <member name="F:WowPacketParser.Proto.PacketClientUseItem.PackSlotFieldNumber">
            <summary>Field number for the "packSlot" field.</summary>
        </member>
        <member name="F:WowPacketParser.Proto.PacketClientUseItem.ItemSlotFieldNumber">
            <summary>Field number for the "itemSlot" field.</summary>
        </member>
        <member name="F:WowPacketParser.Proto.PacketClientUseItem.CastItemFieldNumber">
            <summary>Field number for the "castItem" field.</summary>
        </member>
        <member name="F:WowPacketParser.Proto.PacketClientUseItem.SpellIdFieldNumber">
            <summary>Field number for the "spellId" field.</summary>
        </member>
        <member name="F:WowPacketParser.Proto.PacketClientQuestGiverChooseReward.QuestGiverFieldNumber">
            <summary>Field number for the "questGiver" field.</summary>
        </member>
        <member name="F:WowPacketParser.Proto.PacketClientQuestGiverChooseReward.QuestIdFieldNumber">
            <summary>Field number for the "questId" field.</summary>
        </member>
        <member name="F:WowPacketParser.Proto.PacketClientQuestGiverChooseReward.ItemFieldNumber">
            <summary>Field number for the "item" field.</summary>
        </member>
        <member name="P:WowPacketParser.Proto.PacketClientQuestGiverChooseReward.HasItem">
            <summary>Gets whether the "item" field is set</summary>
        </member>
        <member name="M:WowPacketParser.Proto.PacketClientQuestGiverChooseReward.ClearItem">
            <summary>Clears the value of the "item" field</summary>
        </member>
        <member name="F:WowPacketParser.Proto.PacketClientQuestGiverChooseReward.RewardIndexFieldNumber">
            <summary>Field number for the "rewardIndex" field.</summary>
        </member>
        <member name="P:WowPacketParser.Proto.PacketClientQuestGiverChooseReward.HasRewardIndex">
            <summary>Gets whether the "rewardIndex" field is set</summary>
        </member>
        <member name="M:WowPacketParser.Proto.PacketClientQuestGiverChooseReward.ClearRewardIndex">
            <summary>Clears the value of the "rewardIndex" field</summary>
        </member>
        <member name="F:WowPacketParser.Proto.PacketClientMove.MoverFieldNumber">
            <summary>Field number for the "mover" field.</summary>
        </member>
        <member name="F:WowPacketParser.Proto.PacketClientMove.PositionFieldNumber">
            <summary>Field number for the "position" field.</summary>
        </member>
        <member name="F:WowPacketParser.Proto.PacketClientUseGameObject.GameObjectFieldNumber">
            <summary>Field number for the "gameObject" field.</summary>
        </member>
        <member name="F:WowPacketParser.Proto.PacketClientUseGameObject.ReportFieldNumber">
            <summary>Field number for the "report" field.</summary>
        </member>
        <member name="F:WowPacketParser.Proto.PacketGossipPoi.CoordinatesFieldNumber">
            <summary>Field number for the "coordinates" field.</summary>
        </member>
        <member name="F:WowPacketParser.Proto.PacketGossipPoi.FlagsFieldNumber">
            <summary>Field number for the "flags" field.</summary>
        </member>
        <member name="F:WowPacketParser.Proto.PacketGossipPoi.IconFieldNumber">
            <summary>Field number for the "icon" field.</summary>
        </member>
        <member name="F:WowPacketParser.Proto.PacketGossipPoi.ImportanceFieldNumber">
            <summary>Field number for the "importance" field.</summary>
        </member>
        <member name="F:WowPacketParser.Proto.PacketGossipPoi.NameFieldNumber">
            <summary>Field number for the "name" field.</summary>
        </member>
        <member name="F:WowPacketParser.Proto.PacketGossipPoi.IdFieldNumber">
            <summary>Field number for the "id" field.</summary>
        </member>
        <member name="P:WowPacketParser.Proto.PacketGossipPoi.HasId">
            <summary>Gets whether the "id" field is set</summary>
        </member>
        <member name="M:WowPacketParser.Proto.PacketGossipPoi.ClearId">
            <summary>Clears the value of the "id" field</summary>
        </member>
        <member name="F:WowPacketParser.Proto.PacketGossipPoi.HeightFieldNumber">
            <summary>Field number for the "height" field.</summary>
        </member>
        <member name="P:WowPacketParser.Proto.PacketGossipPoi.HasHeight">
            <summary>Gets whether the "height" field is set</summary>
        </member>
        <member name="M:WowPacketParser.Proto.PacketGossipPoi.ClearHeight">
            <summary>Clears the value of the "height" field</summary>
        </member>
        <member name="F:WowPacketParser.Proto.PacketGameObjectCustomAnim.GameObjectFieldNumber">
            <summary>Field number for the "gameObject" field.</summary>
        </member>
        <member name="F:WowPacketParser.Proto.PacketGameObjectCustomAnim.AnimFieldNumber">
            <summary>Field number for the "anim" field.</summary>
        </member>
        <member name="F:WowPacketParser.Proto.PacketGameObjectCustomAnim.PlayAsDespawnFieldNumber">
            <summary>Field number for the "playAsDespawn" field.</summary>
        </member>
        <member name="P:WowPacketParser.Proto.PacketGameObjectCustomAnim.HasPlayAsDespawn">
            <summary>Gets whether the "playAsDespawn" field is set</summary>
        </member>
        <member name="M:WowPacketParser.Proto.PacketGameObjectCustomAnim.ClearPlayAsDespawn">
            <summary>Clears the value of the "playAsDespawn" field</summary>
        </member>
        <member name="F:WowPacketParser.Proto.PacketSpellCastFailed.CastGuidFieldNumber">
            <summary>Field number for the "castGuid" field.</summary>
        </member>
        <member name="F:WowPacketParser.Proto.PacketSpellCastFailed.SpellFieldNumber">
            <summary>Field number for the "spell" field.</summary>
        </member>
        <member name="F:WowPacketParser.Proto.PacketSpellCastFailed.CastIdFieldNumber">
            <summary>Field number for the "castId" field.</summary>
        </member>
        <member name="F:WowPacketParser.Proto.PacketSpellCastFailed.SuccessFieldNumber">
            <summary>Field number for the "success" field.</summary>
        </member>
        <member name="F:WowPacketParser.Proto.PacketSpellFailure.CastGuidFieldNumber">
            <summary>Field number for the "castGuid" field.</summary>
        </member>
        <member name="F:WowPacketParser.Proto.PacketSpellFailure.SpellFieldNumber">
            <summary>Field number for the "spell" field.</summary>
        </member>
        <member name="F:WowPacketParser.Proto.PacketSpellFailure.CastIdFieldNumber">
            <summary>Field number for the "castId" field.</summary>
        </member>
        <member name="F:WowPacketParser.Proto.PacketSpellFailure.SuccessFieldNumber">
            <summary>Field number for the "success" field.</summary>
        </member>
        <member name="F:WowPacketParser.Proto.PacketSpellFailure.CasterFieldNumber">
            <summary>Field number for the "caster" field.</summary>
        </member>
        <member name="F:WowPacketParser.Proto.PacketLoginSetTimeSpeed.ServerTimeFieldNumber">
            <summary>Field number for the "serverTime" field.</summary>
        </member>
        <member name="F:WowPacketParser.Proto.PacketLoginSetTimeSpeed.GameTimeFieldNumber">
            <summary>Field number for the "gameTime" field.</summary>
        </member>
        <member name="F:WowPacketParser.Proto.PacketLoginSetTimeSpeed.NewSpeedFieldNumber">
            <summary>Field number for the "newSpeed" field.</summary>
        </member>
        <member name="F:WowPacketParser.Proto.PacketLoginSetTimeSpeed.ServerTimeHolidayOffsetFieldNumber">
            <summary>Field number for the "serverTimeHolidayOffset" field.</summary>
        </member>
        <member name="F:WowPacketParser.Proto.PacketLoginSetTimeSpeed.GameTimeHolidayOffsetFieldNumber">
            <summary>Field number for the "gameTimeHolidayOffset" field.</summary>
        </member>
        <member name="F:WowPacketParser.Proto.PacketAIReaction.UnitGuidFieldNumber">
            <summary>Field number for the "unitGuid" field.</summary>
        </member>
        <member name="F:WowPacketParser.Proto.PacketAIReaction.ReactionFieldNumber">
            <summary>Field number for the "reaction" field.</summary>
        </member>
    </members>
</doc>
