<?xml version="1.0"?>
<doc>
    <assembly>
        <name>WowPacketParser</name>
    </assembly>
    <members>
        <member name="F:WowPacketParser.Enums.Direction.ClientToServer">
            <summary>
            CMSG opcodes.
            </summary>
        </member>
        <member name="F:WowPacketParser.Enums.Direction.ServerToClient">
            <summary>
            SMSG opcodes.
            </summary>
        </member>
        <member name="F:WowPacketParser.Enums.Direction.BNClientToServer">
            <summary>
            Battle.NET Client to Server.
            </summary>
        </member>
        <member name="F:WowPacketParser.Enums.Direction.BNServerToClient">
            <summary>
            Battle.NET Server to Client
            </summary>
        </member>
        <member name="F:WowPacketParser.Enums.Direction.Bidirectional">
            <summary>
            Bidirectional opcode (MSG, UMSG, TEST...)
            </summary>
        </member>
        <member name="T:WowPacketParser.Enums.Difficulty">
             <summary>
            
             </summary>
        </member>
        <member name="T:WowPacketParser.Enums.SpellFamilyNames">
             <summary>
            
             </summary>
        </member>
        <member name="T:WowPacketParser.Enums.SpellSpecific">
             <summary>
            
             </summary>
        </member>
        <member name="T:WowPacketParser.Enums.SpellEffects">
             <summary>
            
             </summary>
        </member>
        <member name="T:WowPacketParser.Enums.Targets">
            <summary>
            Target
            </summary>
        </member>
        <member name="T:WowPacketParser.Enums.ProcFlags">
            <summary>
            Spell proc event related declarations (accessed using SpellMgr functions)
            </summary>
        </member>
        <member name="T:WowPacketParser.Misc.ConcurrentPriorityQueue`2">
            <summary>Provides a thread-safe priority queue data structure.</summary>
            <typeparam name="TKey">Specifies the type of keys used to prioritize values.</typeparam>
            <typeparam name="TValue">Specifies the type of elements in the queue.</typeparam>
        </member>
        <member name="M:WowPacketParser.Misc.ConcurrentPriorityQueue`2.#ctor">
            <summary>Initializes a new instance of the ConcurrentPriorityQueue class.</summary>
        </member>
        <member name="M:WowPacketParser.Misc.ConcurrentPriorityQueue`2.#ctor(System.Collections.Generic.IEnumerable{System.Collections.Generic.KeyValuePair{`0,`1}})">
            <summary>Initializes a new instance of the ConcurrentPriorityQueue class that contains elements copied from the specified collection.</summary>
            <param name="collection">The collection whose elements are copied to the new ConcurrentPriorityQueue.</param>
        </member>
        <member name="M:WowPacketParser.Misc.ConcurrentPriorityQueue`2.Enqueue(`0,`1)">
            <summary>Adds the key/value pair to the priority queue.</summary>
            <param name="priority">The priority of the item to be added.</param>
            <param name="value">The item to be added.</param>
        </member>
        <member name="M:WowPacketParser.Misc.ConcurrentPriorityQueue`2.Enqueue(System.Collections.Generic.KeyValuePair{`0,`1})">
            <summary>Adds the key/value pair to the priority queue.</summary>
            <param name="item">The key/value pair to be added to the queue.</param>
        </member>
        <member name="M:WowPacketParser.Misc.ConcurrentPriorityQueue`2.WaitForNewItem">
            <summary>Waits for a new item to appear.</summary>
        </member>
        <member name="M:WowPacketParser.Misc.ConcurrentPriorityQueue`2.TryDequeue(System.Collections.Generic.KeyValuePair{`0,`1}@)">
            <summary>Attempts to remove and return the next prioritized item in the queue.</summary>
            <param name="result">
            When this method returns, if the operation was successful, result contains the object removed. If
            no object was available to be removed, the value is unspecified.
            </param>
            <returns>
            true if an element was removed and returned from the queue succesfully; otherwise, false.
            </returns>
        </member>
        <member name="M:WowPacketParser.Misc.ConcurrentPriorityQueue`2.TryPeek(System.Collections.Generic.KeyValuePair{`0,`1}@)">
            <summary>Attempts to return the next prioritized item in the queue.</summary>
            <param name="result">
            When this method returns, if the operation was successful, result contains the object.
            The queue was not modified by the operation.
            </param>
            <returns>
            true if an element was returned from the queue succesfully; otherwise, false.
            </returns>
        </member>
        <member name="M:WowPacketParser.Misc.ConcurrentPriorityQueue`2.Clear">
            <summary>Empties the queue.</summary>
        </member>
        <member name="P:WowPacketParser.Misc.ConcurrentPriorityQueue`2.IsEmpty">
            <summary>Gets whether the queue is empty.</summary>
        </member>
        <member name="P:WowPacketParser.Misc.ConcurrentPriorityQueue`2.Count">
            <summary>Gets the number of elements contained in the queue.</summary>
        </member>
        <member name="M:WowPacketParser.Misc.ConcurrentPriorityQueue`2.CopyTo(System.Collections.Generic.KeyValuePair{`0,`1}[],System.Int32)">
            <summary>Copies the elements of the collection to an array, starting at a particular array index.</summary>
            <param name="array">
            The one-dimensional array that is the destination of the elements copied from the queue.
            </param>
            <param name="index">
            The zero-based index in array at which copying begins.
            </param>
            <remarks>The elements will not be copied to the array in any guaranteed order.</remarks>
        </member>
        <member name="M:WowPacketParser.Misc.ConcurrentPriorityQueue`2.ToArray">
            <summary>Copies the elements stored in the queue to a new array.</summary>
            <returns>A new array containing a snapshot of elements copied from the queue.</returns>
        </member>
        <member name="M:WowPacketParser.Misc.ConcurrentPriorityQueue`2.System#Collections#Concurrent#IProducerConsumerCollection{System#Collections#Generic#KeyValuePair{TKey,TValue}}#TryAdd(System.Collections.Generic.KeyValuePair{`0,`1})">
            <summary>Attempts to add an item in the queue.</summary>
            <param name="item">The key/value pair to be added.</param>
            <returns>
            true if the pair was added; otherwise, false.
            </returns>
        </member>
        <member name="M:WowPacketParser.Misc.ConcurrentPriorityQueue`2.System#Collections#Concurrent#IProducerConsumerCollection{System#Collections#Generic#KeyValuePair{TKey,TValue}}#TryTake(System.Collections.Generic.KeyValuePair{`0,`1}@)">
            <summary>Attempts to remove and return the next prioritized item in the queue.</summary>
            <param name="item">
            When this method returns, if the operation was successful, result contains the object removed. If
            no object was available to be removed, the value is unspecified.
            </param>
            <returns>
            true if an element was removed and returned from the queue succesfully; otherwise, false.
            </returns>
        </member>
        <member name="M:WowPacketParser.Misc.ConcurrentPriorityQueue`2.GetEnumerator">
            <summary>Returns an enumerator that iterates through the collection.</summary>
            <returns>An enumerator for the contents of the queue.</returns>
            <remarks>
            The enumeration represents a moment-in-time snapshot of the contents of the queue. It does not
            reflect any updates to the collection after GetEnumerator was called. The enumerator is safe to
            use concurrently with reads from and writes to the queue.
            </remarks>
        </member>
        <member name="M:WowPacketParser.Misc.ConcurrentPriorityQueue`2.System#Collections#IEnumerable#GetEnumerator">
            <summary>Returns an enumerator that iterates through a collection.</summary>
            <returns>An IEnumerator that can be used to iterate through the collection.</returns>
        </member>
        <member name="M:WowPacketParser.Misc.ConcurrentPriorityQueue`2.System#Collections#ICollection#CopyTo(System.Array,System.Int32)">
            <summary>Copies the elements of the collection to an array, starting at a particular array index.</summary>
            <param name="array">
            The one-dimensional array that is the destination of the elements copied from the queue.
            </param>
            <param name="index">
            The zero-based index in array at which copying begins.
            </param>
        </member>
        <member name="P:WowPacketParser.Misc.ConcurrentPriorityQueue`2.System#Collections#ICollection#IsSynchronized">
            <summary>
            Gets a value indicating whether access to the ICollection is synchronized with the SyncRoot.
            </summary>
        </member>
        <member name="P:WowPacketParser.Misc.ConcurrentPriorityQueue`2.System#Collections#ICollection#SyncRoot">
            <summary>
            Gets an object that can be used to synchronize access to the collection.
            </summary>
        </member>
        <member name="T:WowPacketParser.Misc.ConcurrentPriorityQueue`2.MinBinaryHeap">
            <summary>Implements a binary heap that prioritizes smaller values.</summary>
        </member>
        <member name="M:WowPacketParser.Misc.ConcurrentPriorityQueue`2.MinBinaryHeap.#ctor">
            <summary>Initializes an empty heap.</summary>
        </member>
        <member name="M:WowPacketParser.Misc.ConcurrentPriorityQueue`2.MinBinaryHeap.#ctor(WowPacketParser.Misc.ConcurrentPriorityQueue{`0,`1}.MinBinaryHeap)">
            <summary>Initializes a heap as a copy of another heap instance.</summary>
            <param name="heapToCopy">The heap to copy.</param>
            <remarks>Key/Value values are not deep cloned.</remarks>
        </member>
        <member name="M:WowPacketParser.Misc.ConcurrentPriorityQueue`2.MinBinaryHeap.Clear">
            <summary>Empties the heap.</summary>
        </member>
        <member name="M:WowPacketParser.Misc.ConcurrentPriorityQueue`2.MinBinaryHeap.Insert(System.Collections.Generic.KeyValuePair{`0,`1})">
            <summary>Adds an item to the heap.</summary>
        </member>
        <member name="M:WowPacketParser.Misc.ConcurrentPriorityQueue`2.MinBinaryHeap.Peek">
            <summary>Returns the entry at the top of the heap.</summary>
        </member>
        <member name="M:WowPacketParser.Misc.ConcurrentPriorityQueue`2.MinBinaryHeap.Remove">
            <summary>Removes the entry at the top of the heap.</summary>
        </member>
        <member name="P:WowPacketParser.Misc.ConcurrentPriorityQueue`2.MinBinaryHeap.Count">
            <summary>Gets the number of objects stored in the heap.</summary>
        </member>
        <member name="M:WowPacketParser.Misc.Extensions.ToByte(System.Boolean)">
            <summary>
            Convert bool to byte
            </summary>
            <param name="value">A boolean</param>
            <returns>A byte</returns>
        </member>
        <!-- Badly formed XML comment ignored for member "M:WowPacketParser.Misc.Extensions.HasAnyFlag(System.IConvertible,System.IConvertible)" -->
        <!-- Badly formed XML comment ignored for member "M:WowPacketParser.Misc.Extensions.HasAnyFlagBit(System.IConvertible,System.IConvertible)" -->
        <member name="M:WowPacketParser.Misc.Extensions.MatchesFilters(System.String,System.Collections.Generic.IEnumerable{System.String})">
            <summary>
            Return true if our string is a substring of any filter (case insensitive)
            </summary>
            <param name="value">String</param>
            <param name="filters">List of strings</param>
            <returns>A boolean</returns>
        </member>
        <member name="M:WowPacketParser.Misc.Extensions.AsHex(WowPacketParser.Misc.Packet)">
            <summary>
            Shows our hex representation of a packet
            </summary>
            <param name="packet">A packet</param>
        </member>
        <member name="M:WowPacketParser.Misc.Extensions.SetCulture``1(System.Linq.ParallelQuery{``0})">
            <summary>
            <para>Define the culture of the thread as CultureInfo.InvariantCulture</para>
            <remarks>This is required since new threads will have the culture of the machine (to be changed in .NET 4.5)</remarks>
            </summary>
            <typeparam name="TSource"></typeparam>
            <param name="source"></param>
            <returns></returns>
        </member>
        <member name="M:WowPacketParser.Misc.Extensions.ToFormattedString(System.TimeSpan)">
            <summary>
            Converts a timespan in a string (hh:mm:ss.ms)
            </summary>
            <param name="span">A timespan</param>
            <returns>A string</returns>
        </member>
        <member name="M:WowPacketParser.Misc.Extensions.DictionaryEqual``2(System.Collections.Generic.IDictionary{``0,``1},System.Collections.Generic.IDictionary{``0,``1})">
            <summary>
            Compare two dictionaries
            </summary>
            <typeparam name="TKey">The type of the keys in the dictionaries</typeparam>
            <typeparam name="TValue">The type of the values in the dictionaries</typeparam>
            <param name="first">First dictionary</param>
            <param name="second">Second dictionary</param>
            <returns>true if dictionaries are equal, false otherwise</returns>
        </member>
        <member name="M:WowPacketParser.Misc.Extensions.Flatten``1(System.Collections.Generic.IEnumerable{``0})">
            <summary>
            Flattens an IEnumerable
            Example:
            [1, 2, [3, [4]], 5] -> [1, 2, 3, 4, 5]
            </summary>
            <typeparam name="T">Type of each object</typeparam>
            <param name="values">Input IEnumerable</param>
            <returns>Flatten result</returns>
        </member>
        <member name="T:WowPacketParser.Misc.Statistics">
            <summary>
            Represents parsing statistics for a single sniff/file.
            </summary>
        </member>
        <member name="M:WowPacketParser.Misc.Statistics.#ctor">
            <summary>
            Initialized a new instance of Statistics.
            </summary>
        </member>
        <member name="M:WowPacketParser.Misc.Statistics.#ctor(System.Int32)">
            <summary>
            Initializes a new instance of Statistics.
            </summary>
            <param name="packetCount">The expected total number of packets. Must be higher than zero.
             Throws ArgumentOutOfRangeException if this is not higher than zero.</param>
        </member>
        <member name="P:WowPacketParser.Misc.Statistics.TotalPacketCount">
            <summary>
            Expected total number of packets.
            </summary>
        </member>
        <member name="P:WowPacketParser.Misc.Statistics.CalculatedTotalPacketCount">
            <summary>
            The total number of packets taken into account in calculations.
            </summary>
        </member>
        <member name="P:WowPacketParser.Misc.Statistics.SuccessPacketCount">
            <summary>
            Number of packets successfully parsed.
            </summary>
        </member>
        <member name="P:WowPacketParser.Misc.Statistics.WithErrorsPacketCount">
            <summary>
            Number of packets parsed with errors.
            </summary>
        </member>
        <member name="P:WowPacketParser.Misc.Statistics.NotParsedPacketCount">
            <summary>
            Number of packets that were skipped.
            </summary>
        </member>
        <member name="P:WowPacketParser.Misc.Statistics.NoStructurePacketCount">
            <summary>
            Number of packets that were skipped.
            </summary>
        </member>
        <member name="M:WowPacketParser.Misc.Statistics.AddSuccess">
            <summary>
            Increments by one the number of packets successfully parsed.
            </summary>
        </member>
        <member name="M:WowPacketParser.Misc.Statistics.AddWithErrors">
            <summary>
            Increments by one the number of packets parsed with errors.
            </summary>
        </member>
        <member name="M:WowPacketParser.Misc.Statistics.AddNotParsed">
            <summary>
            Increments by one the number of packets skipped.
            </summary>
        </member>
        <member name="M:WowPacketParser.Misc.Statistics.AddByStatus(WowPacketParser.Enums.ParsedStatus)">
            <summary>
            Increment respective count
            </summary>
            <param name="status">Parsing status</param>
        </member>
        <member name="M:WowPacketParser.Misc.Statistics.GetSuccessPercentage">
            <summary>
            Successfully parsed packets percentage. [0-100]
            </summary>
            <returns></returns>
        </member>
        <member name="M:WowPacketParser.Misc.Statistics.GetWithErrorsPercentage">
            <summary>
            Parsed packets with errors percentage. [0-100]
            </summary>
            <returns></returns>
        </member>
        <member name="M:WowPacketParser.Misc.Statistics.GetNotParsedPercentage">
            <summary>
            Skipped packets percentage. [0-100]
            </summary>
            <returns></returns>
        </member>
        <member name="M:WowPacketParser.Misc.Statistics.SetStartTime(System.DateTime)">
            <summary>
            Sets the time parsing started.
            </summary>
            <param name="startTime">Parsing started</param>
        </member>
        <member name="M:WowPacketParser.Misc.Statistics.SetEndTime(System.DateTime)">
            <summary>
            Sets the time parsing ended.
            </summary>
            <param name="endTime">Parsing ended</param>
        </member>
        <member name="M:WowPacketParser.Misc.Statistics.GetParsingTime">
            <summary>
            The time it took to parse
            </summary>
            <returns>Time interval TimeSpan</returns>
        </member>
        <member name="M:WowPacketParser.Misc.Statistics.ToString">
            <summary>
            Formatted string that includes statistic information
             (total number of packets, parsing time, parsing percentages, ...)
            </summary>
            <returns>String</returns>
        </member>
        <member name="M:WowPacketParser.Misc.Statistics.BuildStats(System.Collections.Generic.ICollection{WowPacketParser.Misc.Packet})">
            <summary>
            Goes through each packet in a collection of packets and returns an instance of Statistics
             containing parsing status information.
            </summary>
            <param name="packets">Collection of packets</param>
            <returns>An instance of Statistics</returns>
        </member>
        <member name="M:WowPacketParser.Misc.Utilities.EqualValues(System.Object,System.Object)">
            <summary>
            Compares two objects (values) with special cases for floats and strings
            </summary>
            <param name="o1">First object</param>
            <param name="o2">Second object</param>
            <returns>True if equal</returns>
        </member>
        <member name="M:WowPacketParser.Misc.Utilities.GetFieldsAndAttributes``2(System.Boolean)">
            <summary>
            Get a list of fields and attributes from a type. Only fields with the
            specified attribute are returned.
            </summary>
            <param name="remove">Remove fields without the specified attribute.</param>
            <typeparam name="T">Type (class/struct)</typeparam>
            <typeparam name="TK">Attribute</typeparam>
            <returns>A list of tuples where Item1 is FieldInfo and Item2 the corresponding attribute</returns>
        </member>
        <member name="M:WowPacketParser.Misc.Utilities.FormattedDateTimeForFiles">
            <summary>
            Returns current date time to be used in our file names (sqls, parsing logs, ...)
            </summary>
            <returns></returns>
        </member>
        <member name="M:WowPacketParser.Misc.Utilities.BytesToString(System.Int64)">
            <summary>
            Human-readable byte count
            </summary>
            <param name="byteCount">Number of bytes</param>
            <returns>String with byte suffix</returns>
        </member>
        <member name="M:WowPacketParser.Misc.Utilities.GetValues``1">
            <summary>
            Retrieves the values of an enumeration
            </summary>
            <typeparam name="T">Enum type</typeparam>
            <returns>Enumerable with the enum values</returns>
        </member>
        <member name="T:WowPacketParser.Parsing.HasSniffDataAttribute">
            <summary>
            Defines that a packet handler uses Packet.AddSniffData method
            </summary>
        </member>
        <member name="M:WowPacketParser.Parsing.ParserAttribute.#ctor(WowPacketParser.Enums.Opcode,WowPacketParser.Enums.ClientVersionBuild)">
            <summary>
            [addedInVersion, +inf[
            </summary>
            <param name="opcode"></param>
            <param name="addedInVersion"></param>
        </member>
        <member name="M:WowPacketParser.Parsing.ParserAttribute.#ctor(WowPacketParser.Enums.Opcode,WowPacketParser.Misc.ClientBranch,WowPacketParser.Enums.ClientVersionBuild)">
            <summary>
            [addedInVersion, +inf[
            </summary>
            <param name="opcode"></param>
            <param name="branch"></param>
            <param name="addedInVersion"></param>
        </member>
        <member name="M:WowPacketParser.Parsing.ParserAttribute.#ctor(WowPacketParser.Enums.Opcode,WowPacketParser.Enums.ClientVersionBuild,WowPacketParser.Enums.ClientVersionBuild)">
            <summary>
            [addedInVersion, removedInVersion[
            </summary>
            <param name="opcode"></param>
            <param name="addedInVersion"></param>
            <param name="removedInVersion"></param>
        </member>
        <member name="M:WowPacketParser.Parsing.ParserAttribute.#ctor(WowPacketParser.Enums.Opcode,WowPacketParser.Misc.ClientBranch,WowPacketParser.Enums.ClientVersionBuild,WowPacketParser.Enums.ClientVersionBuild)">
            <summary>
            [addedInVersion, removedInVersion[
            </summary>
            <param name="opcode"></param>
            <param name="branch"></param>
            <param name="addedInVersion"></param>
            <param name="removedInVersion"></param>
        </member>
        <member name="M:WowPacketParser.Parsing.Parsers.BattlenetModuleHandler.HandleData(System.String,System.Byte[],System.Object[])">
              <summary>
            
              </summary>
              <param name="module">Battle.net module id as string</param>
              <param name="data"></param>
             <param name="indexes"></param>
             <returns>null if module is unhandled, false if it needs more data from client</returns>
        </member>
        <member name="M:WowPacketParser.SQL.Builder.LoadNames">
            <summary>
            Update SQLDatabase.NameStores with names from Storage.ObjectNames
            </summary>
        </member>
        <member name="T:WowPacketParser.SQL.Builders.BuilderMethodAttribute">
            <summary>
            Attribute to mark SQL output generating methods. Return value of a marked method must be a <see cref="T:System.String"/>
            </summary>
        </member>
        <member name="P:WowPacketParser.SQL.Builders.BuilderMethodAttribute.CheckVersionMismatch">
            <summary>
            True if mismatch between targeted database and sniff version should be checked
            </summary>
        </member>
        <member name="P:WowPacketParser.SQL.Builders.BuilderMethodAttribute.Units">
            <summary>
            If true unit list will be included as method invocation parameter
            </summary>
        </member>
        <member name="P:WowPacketParser.SQL.Builders.BuilderMethodAttribute.Gameobjects">
            <summary>
            If true gameobject list will be included as method invocation parameter
            </summary>
        </member>
        <member name="T:WowPacketParser.SQL.DBFieldNameAttribute">
            <summary>
            Field/column name
            Can be used with basic types and enums or
             arrays ("dmg_min1, dmg_min2, dmg_min3" -> name = dmg_min, count = 3, startAtZero = false)
            </summary>
        </member>
        <member name="P:WowPacketParser.SQL.DBFieldNameAttribute.Name">
            <summary>
            Column name
            </summary>
        </member>
        <member name="P:WowPacketParser.SQL.DBFieldNameAttribute.IsPrimaryKey">
            <summary>
            True if field is a primary key
            </summary>
        </member>
        <member name="P:WowPacketParser.SQL.DBFieldNameAttribute.NoQuotes">
            <summary>
            True if field shouldn't be quoted.
            </summary>
        </member>
        <member name="P:WowPacketParser.SQL.DBFieldNameAttribute.Nullable">
            <summary>
            Ture if field is nullable or the default value should be NULL.
            </summary>
        </member>
        <member name="P:WowPacketParser.SQL.DBFieldNameAttribute.Count">
            <summary>
            Number of fields
            </summary>
        </member>
        <member name="F:WowPacketParser.SQL.DBFieldNameAttribute.StartAtZero">
            <summary>
            True if counting should include 0
            </summary>
        </member>
        <member name="F:WowPacketParser.SQL.DBFieldNameAttribute._multipleFields">
            <summary>
            True if cctor that accepts multiple fields was used (name + count)
            </summary>
        </member>
        <member name="M:WowPacketParser.SQL.DBFieldNameAttribute.#ctor(System.String,System.Boolean,System.Boolean,System.Boolean)">
            <summary>
            matches any version
            </summary>
            <param name="name">database field name</param>
            <param name="isPrimaryKey">true if field is a primary key</param>
        </member>
        <member name="M:WowPacketParser.SQL.DBFieldNameAttribute.#ctor(System.String,WowPacketParser.Enums.LocaleConstant,System.Boolean,System.Boolean,System.Boolean)">
            <summary>
            [addedInVersion, +inf[
            </summary>
            <param name="name">database field name</param>
            <param name="locale">initial locale</param>
            <param name="isPrimaryKey">true if field is a primary key</param>
        </member>
        <member name="M:WowPacketParser.SQL.DBFieldNameAttribute.#ctor(System.String,WowPacketParser.Enums.TargetedDatabaseFlag,System.Boolean,System.Boolean,System.Boolean)">
            <summary>
            [validForVersion, +inf[
            </summary>
            <param name="name">database field name</param>
            <param name="validForVersion">valid versions</param>
            <param name="isPrimaryKey">true if field is a primary key</param>
        </member>
        <member name="M:WowPacketParser.SQL.DBFieldNameAttribute.#ctor(System.String,WowPacketParser.Enums.TargetedDatabaseFlag,WowPacketParser.Enums.LocaleConstant,System.Boolean,System.Boolean,System.Boolean)">
            <summary>
            [validForVersion, +inf[
            </summary>
            <param name="name">database field name</param>
            <param name="validForVersion">valid versions</param>
            <param name="locale">initial locale</param>
            <param name="isPrimaryKey">true if field is a primary key</param>
        </member>
        <member name="M:WowPacketParser.SQL.DBFieldNameAttribute.#ctor(System.String,System.Int32,System.Boolean,System.Boolean,System.Boolean,System.Boolean)">
            <summary>
            matches any version
            </summary>
            <param name="name">database field name</param>
            <param name="count">number of fields</param>
            <param name="startAtZero">true if fields name start at 0</param>
            <param name="isPrimaryKey">true if field is a primary key</param>
        </member>
        <member name="M:WowPacketParser.SQL.DBFieldNameAttribute.#ctor(System.String,WowPacketParser.Enums.TargetedDatabaseFlag,System.Int32,System.Boolean,System.Boolean,System.Boolean,System.Boolean)">
            <summary>
            [addedInVersion, +inf[
            </summary>
            <param name="name">database field name</param>
            <param name="validForVersion">valid versions</param>
            <param name="count">number of fields</param>
            <param name="startAtZero">true if fields name start at 0</param>
            <param name="isPrimaryKey">true if field is a primary key</param>
        </member>
        <member name="M:WowPacketParser.SQL.DBFieldNameAttribute.ToString">
            <summary>
            String representation of the field or group of fields
            </summary>
            <returns>name</returns>
        </member>
        <member name="T:WowPacketParser.SQL.DBTableNameAttribute">
            <summary>
            Table name in database
            Only usuable with structs or classes
            </summary>
        </member>
        <member name="F:WowPacketParser.SQL.DBTableNameAttribute.Name">
            <summary>
            Table name
            </summary>
        </member>
        <member name="M:WowPacketParser.SQL.DBTableNameAttribute.#ctor(System.String)">
            <summary>
            </summary>
            <param name="name">table name</param>
        </member>
        <member name="M:WowPacketParser.SQL.DBTableNameAttribute.#ctor(System.String,WowPacketParser.Enums.TargetedDatabaseFlag)">
            <summary>
            </summary>
            <param name="name">table name</param>
            <param name="addedInVersion">initial version</param>
        </member>
        <member name="T:WowPacketParser.SQL.HotfixAttribute">
            <summary>
            Marks if class belongs to hotfix table
            Only usuable with structs or classes
            </summary>
        </member>
        <member name="T:WowPacketParser.SQL.IDataModel">
            <summary>
            Interface which has to be implemented by every data model.
            </summary>
        </member>
        <member name="T:WowPacketParser.SQL.SQLSelect`1">
            <summary>
            Represents a SQL SELECT statement of the specified data model.
            </summary>
            <typeparam name="T">The data model</typeparam>
        </member>
        <member name="M:WowPacketParser.SQL.SQLUpdate`1.#ctor(System.Collections.Generic.Dictionary{WowPacketParser.SQL.Row{`0},WowPacketParser.SQL.RowList{`0}})">
            <summary>
            Creates multiple update rows
            </summary>
            <param name="rows">A list of <see cref="T:WowPacketParser.SQL.SQLUpdateRow`1"/> rows</param>
        </member>
        <member name="M:WowPacketParser.SQL.SQLUpdate`1.Build">
            <summary>
            Constructs the actual query
            </summary>
            <returns>Multiple update rows</returns>
        </member>
        <member name="P:WowPacketParser.SQL.SQLUpdateRow`1.CommentOut">
            <summary>
            <para>The row will be commented out</para>
            <code>-- UPDATE..., </code>
            </summary>
        </member>
        <member name="M:WowPacketParser.SQL.SQLUpdateRow`1.Build">
            <summary>
            Constructs the actual query
            </summary>
            <returns>A single update query</returns>
        </member>
        <member name="M:WowPacketParser.SQL.SQLInsert`1.#ctor(WowPacketParser.SQL.RowList{`0},System.Boolean,System.Boolean)">
            <summary>
            Creates an insert query including the insert header and its rows
            Single primary key (for delete)
            </summary>
            <param name="rows">A list of <see cref="T:WowPacketParser.SQL.SQLInsertRow`1"/> rows</param>
            <param name="withDelete">If set to false the full query will not include a delete query</param>
            <param name="ignore">If set to true the INSERT INTO query will be INSERT IGNORE INTO</param>
        </member>
        <member name="M:WowPacketParser.SQL.SQLInsert`1.Build">
            <summary>
            Constructs the actual query
            </summary>
            <returns>Full insert AND delete queries</returns>
        </member>
        <member name="M:WowPacketParser.SQL.SQLInsertHeader`1.#ctor(System.Boolean)">
            <summary>
            <para>Creates the header of an INSERT query</para>
            <code>INSERT INTO `tableName` (fields[0], ..., fields[n]) VALUES</code>
            </summary>
            <param name="ignore">If set to true the INSERT INTO query will be INSERT IGNORE INTO</param>
        </member>
        <member name="M:WowPacketParser.SQL.SQLInsertHeader`1.Build">
            <summary>
            Constructs the actual query
            </summary>
            <returns>Insert query header</returns>
        </member>
        <member name="P:WowPacketParser.SQL.SQLInsertRow`1.HeaderComment">
            <summary>
            <para>The comment that will replace the values</para>
            <code>-- this comment</code>
            </summary>
        </member>
        <member name="P:WowPacketParser.SQL.SQLInsertRow`1.NoData">
            <summary>
            Row has no data, it is just a comment
            </summary>
        </member>
        <member name="M:WowPacketParser.SQL.SQLInsertRow`1.Build">
            <summary>
            Constructs the actual query
            </summary>
            <returns>Single insert row (data)</returns>
        </member>
        <member name="M:WowPacketParser.SQL.SQLDelete`1.#ctor(WowPacketParser.SQL.RowList{`0})">
            <summary>
            <para>Creates a delete query with a single primary key and an arbitrary number of values</para>
            <code>DELETE FROM `tableName` WHERE `primaryKey` IN (values[0], ..., values[n]);</code>
            <code>DELETE FROM `tableName` WHERE `primaryKey`=values[0];</code>
            </summary>
            <param name="values">Collection of values to be deleted</param>
        </member>
        <member name="M:WowPacketParser.SQL.SQLDelete`1.#ctor(System.Tuple{System.String,System.String})">
            <summary>
            <para>Creates a delete query that deletes between two values</para>
            <code>DELETE FROM `tableName` WHERE `primaryKey` BETWEEN values[0] AND values[n];</code>
            </summary>
            <param name="values">Pair of values</param>
        </member>
        <member name="M:WowPacketParser.SQL.SQLDelete`1.Build">
            <summary>
            Constructs the actual query
            </summary>
            <returns>Delete query</returns>
        </member>
        <member name="T:WowPacketParser.SQL.RowList`1">
            <summary>
            This represents a list of IDataModel which act as conditions in e.g WHERE clauses.
            </summary>
            <typeparam name="T">The <see cref="T:WowPacketParser.SQL.IDataModel" /></typeparam>
        </member>
        <member name="P:WowPacketParser.SQL.RowList`1.Count">
            <summary>
            Gets the number of conditions in the <see cref="T:WowPacketParser.SQL.RowList`1" />.
            </summary>
        </member>
        <member name="M:WowPacketParser.SQL.RowList`1.GetEnumerator">
            <summary>
            Returns an enumerator that iterates through the <see cref="T:WowPacketParser.SQL.RowList`1" />
            </summary>
            <returns>A <see cref="T:System.Collections.Generic.IEnumerator`1" /> for the <see cref="T:WowPacketParser.SQL.RowList`1" /></returns>
        </member>
        <member name="M:WowPacketParser.SQL.RowList`1.Add(WowPacketParser.SQL.Row{`0})">
            <summary>
            Adds a Row to the list and performs some checks.
            </summary>
            <param name="row">The Row which should be added.</param>
        </member>
        <member name="F:WowPacketParser.SQL.SQLDatabase.NameStores">
            <summary>
            Represents a dictionary of ID-Name dictionaries accessed by <see cref="T:WowPacketParser.Enums.StoreNameType"/>.
            </summary>
        </member>
        <member name="F:WowPacketParser.SQL.SQLDatabase.MapSpawnMaskStores">
            <summary>
            Represents a dictionary of spawn masks accessed by the map id.
            </summary>
        </member>
        <member name="M:WowPacketParser.SQL.SQLDatabase.GrabNameData">
            <summary>
            Loads names of the objects from the database.
            </summary>
        </member>
        <member name="M:WowPacketParser.SQL.SQLDatabase.LoadSQL">
            <summary>
            Loads data necessary for the SQL generation from the database.
            </summary>
        </member>
        <member name="M:WowPacketParser.SQL.SQLDatabase.LoadBroadcastText">
            <summary>
            Loads the broadcast texts form the database.
            </summary>
        </member>
        <member name="F:WowPacketParser.SQL.SQLUtil.CommaSeparator">
            <summary>
            Defines that values in insert queries should be spaced
            </summary>
        </member>
        <member name="M:WowPacketParser.SQL.SQLUtil.AddBackQuotes(System.String)">
            <summary>
            Adds back quotes to a string. For SQL table and field names.
            </summary>
            <param name="str"></param>
            <returns></returns>
        </member>
        <member name="M:WowPacketParser.SQL.SQLUtil.RemoveBackQuotes(System.String)">
            <summary>
            Remove back quotes from a string.
            </summary>
            <param name="str"></param>
            <returns></returns>
        </member>
        <member name="M:WowPacketParser.SQL.SQLUtil.AddQuotes(System.String)">
            <summary>
            Adds "straight" quotes to a string. For SQL text.
            </summary>
            <param name="str">String</param>
            <returns>Modified string</returns>
        </member>
        <member name="M:WowPacketParser.SQL.SQLUtil.EscapeString(System.String)">
            <summary>
            Escapes a SQL string
            </summary>
            <param name="str">String</param>
            <returns>Modified string</returns>
        </member>
        <member name="M:WowPacketParser.SQL.SQLUtil.ReplaceLast(System.Text.StringBuilder,System.Char,System.Char)">
            <summary>
            Replaces the last entry of a given character by some other char
            Useful when replacing comma by semicolon
            </summary>
            <param name="str"></param>
            <param name="oldChar"></param>
            <param name="newChar"></param>
            <returns></returns>
        </member>
        <member name="M:WowPacketParser.SQL.SQLUtil.Stringify(System.Object)">
            <summary>
            Escapes and quotes a string
            </summary>
        </member>
        <member name="M:WowPacketParser.SQL.SQLUtil.Hexify(System.Int32)">
            <summary>
            Converts an int to a hex string.
            </summary>
        </member>
        <member name="M:WowPacketParser.SQL.SQLUtil.Hexify(System.UInt32)">
            <summary>
            Converts an uint to a hex string.
            </summary>
        </member>
        <member name="M:WowPacketParser.SQL.SQLUtil.ToSQLValue(System.Object,System.Boolean,System.Boolean)">
            <summary>
            "Modifies" any value to be used in SQL data
            </summary>
            <param name="value">Any value (string, number, enum, ...)</param>
            <param name="isFlag">If set to true the value, "0x" will be append to value</param>
            <param name="noQuotes">If value is a string and this is set to true, value will not be 'quoted' (SQL variables)</param>
            <returns></returns>
        </member>
        <member name="M:WowPacketParser.SQL.SQLUtil.Compare``1(System.Collections.Generic.IEnumerable{System.Tuple{``0,System.Nullable{System.TimeSpan}}},WowPacketParser.SQL.RowList{``0},WowPacketParser.Enums.StoreNameType)">
            <param name="storeList"><see cref="T:WowPacketParser.Store.DataBag`1"/> with items form sniff.</param>
            <param name="dbList"><see cref="T:WowPacketParser.Store.DataBag`1"/> with items from database.</param>
            <param name="storeType">Are we dealing with Spells, Quests, Units, ...?</param>
        </member>
        <member name="M:WowPacketParser.SQL.SQLUtil.Compare``1(System.Collections.Generic.IEnumerable{System.Tuple{``0,System.Nullable{System.TimeSpan}}},WowPacketParser.SQL.RowList{``0},System.Func{``0,System.String})">
            <summary>
            <para>Compare two dictionaries (of the same types) and creates SQL inserts
             or updates accordingly.</para>
            <remarks>Second dictionary can be null (only inserts queries will be produced)</remarks>
            <remarks>Use DBTableName and DBFieldName attributes to specify table and field names, in TK</remarks>
            </summary>
            <typeparam name="T">Type of the primary key (uint)</typeparam>
            <param name="storeList">Dictionary retrieved from  parser</param>
            <param name="dbList">Dictionary retrieved from  DB</param>
            <param name="commentSetter"></param>
            <returns>A string containing full SQL queries</returns>
        </member>
        <member name="M:WowPacketParser.SQL.SQLUtil.CompareDicts``2(WowPacketParser.Store.StoreDictionary{``0,``1},WowPacketParser.Store.StoreDictionary{``0,``1},WowPacketParser.Enums.StoreNameType,System.String)">
            <summary>
            <para>Compare two dictionaries (of the same types) and creates SQL inserts
             or updates accordingly.</para>
            <remarks>Second dictionary can be null (only inserts queries will be produced)</remarks>
            <remarks>Use DBTableName and DBFieldName attributes to specify table and field names, in TK</remarks>
            </summary>
            <typeparam name="T">Type of the primary key (uint)</typeparam>
            <typeparam name="TK">Type of the WDB struct (field types must match DB field)</typeparam>
            <param name="dict1">Dictionary retrieved from  parser</param>
            <param name="dict2">Dictionary retrieved from  DB</param>
            <param name="storeType">Are we dealing with Spells, Quests, Units, ...?</param>
            <param name="primaryKeyName">The name of the primary key, usually "entry"</param>
            <returns>A string containing full SQL queries</returns>
        </member>
        <member name="M:WowPacketParser.SQL.SQLUtil.CompareDicts``3(WowPacketParser.Store.StoreDictionary{System.Tuple{``0,``1},``2},WowPacketParser.Store.StoreDictionary{System.Tuple{``0,``1},``2},WowPacketParser.Enums.StoreNameType,WowPacketParser.Enums.StoreNameType,System.String,System.String)">
            <summary>
            <para>Compare two dictionaries (of the same types) and creates SQL inserts
             or updates accordingly.</para>
            <remarks>Second dictionary can be null (only inserts queries will be produced)</remarks>
            <remarks>Use DBTableName and DBFieldName attributes to specify table and field names, in TK</remarks>
            </summary>
            <typeparam name="T">Type of the first primary key</typeparam>
            /// <typeparam name="TG">Type of the second primary key</typeparam>
            <typeparam name="TK">Type of the WDB struct (field names and types must match DB field name and types)</typeparam>
            <param name="dict1">Dictionary retrieved from  parser</param>
            <param name="dict2">Dictionary retrieved from  DB</param>
            <param name="storeType1">(T) Are we dealing with Spells, Quests, Units, ...?</param>
            <param name="storeType2">(TG) Are we dealing with Spells, Quests, Units, ...?</param>
            <param name="primaryKeyName1">The name of the first primary key</param>
            <param name="primaryKeyName2">The name of the second primary key</param>
            <returns>A string containing full SQL queries</returns>
        </member>
        <member name="M:WowPacketParser.SQL.SQLUtil.CompareDicts``4(WowPacketParser.Store.StoreDictionary{System.Tuple{``0,``1,``2},``3},WowPacketParser.Store.StoreDictionary{System.Tuple{``0,``1,``2},``3},WowPacketParser.Enums.StoreNameType,WowPacketParser.Enums.StoreNameType,WowPacketParser.Enums.StoreNameType,System.String,System.String,System.String)">
            <summary>
            <para>Compare two dictionaries (of the same types) and creates SQL inserts
             or updates accordingly.</para>
            <remarks>Second dictionary can be null (only inserts queries will be produced)</remarks>
            <remarks>Use DBTableName and DBFieldName attributes to specify table and field names, in TK</remarks>
            </summary>
            <typeparam name="T">Type of the first primary key</typeparam>
            /// <typeparam name="TG">Type of the second primary key</typeparam>
            <typeparam name="TK">Type of the WDB struct (field names and types must match DB field name and types)</typeparam>
            <typeparam name="TH"></typeparam>
            <param name="dict1">Dictionary retrieved from  parser</param>
            <param name="dict2">Dictionary retrieved from  DB</param>
            <param name="storeType1">(T) Are we dealing with Spells, Quests, Units, ...?</param>
            <param name="storeType2">(TG) Are we dealing with Spells, Quests, Units, ...?</param>
            <param name="storeType3">(TH) Are we dealing with Spells, Quests, Units, ...?</param>
            <param name="primaryKeyName1">The name of the first primary key</param>
            <param name="primaryKeyName2">The name of the second primary key</param>
            <param name="primaryKeyName3">The name of the third primary key</param>
            <returns>A string containing full SQL queries</returns>
        </member>
        <member name="M:WowPacketParser.Store.Objects.UpdateFields.LegacyImplementation.UpdateFieldExtensions.GetValue``2(System.Collections.Generic.Dictionary{System.Int32,WowPacketParser.Misc.UpdateField},``0)">
            <summary>
            Grabs a value from a dictionary of UpdateFields
            </summary>
            <typeparam name="T">The type of UpdateField (ObjectField, UnitField, ...)</typeparam>
            <typeparam name="TK">The type of the value (int, uint or float and their nullable counterparts)</typeparam>
            <param name="dict">The dictionary</param>
            <param name="updateField">The update field we want</param>
            <returns></returns>
        </member>
        <member name="M:WowPacketParser.Store.Objects.UpdateFields.LegacyImplementation.UpdateFieldExtensions.GetValue``2(System.Collections.Generic.Dictionary{System.Int32,System.Collections.Generic.List{WowPacketParser.Misc.UpdateField}},``0)">
            <summary>
            Grabs a value list from a dictionary of dynamic UpdateFields
            </summary>
            <typeparam name="T">The type of UpdateField (UnitDynamicField, ...)</typeparam>
            <typeparam name="TK">The type of the value (int, uint or float and their nullable counterparts)</typeparam>
            <param name="dict">The dictionary</param>
            <param name="updateField">The update field we want</param>
            <returns></returns>
        </member>
        <member name="M:WowPacketParser.Store.Objects.UpdateFields.LegacyImplementation.UpdateFieldExtensions.GetArray``2(System.Collections.Generic.Dictionary{System.Int32,WowPacketParser.Misc.UpdateField},``0,System.Int32)">
            <summary>
            Grabs N (consecutive) values from a dictionary of UpdateFields
            </summary>
            <typeparam name="T">The type of UpdateField (ObjectField, UnitField, ...)</typeparam>
            <typeparam name="TK">The type of the value (int, uint or float and their nullable counterparts)</typeparam>
            <param name="dict">The dictionary</param>
            <param name="firstUpdateField">The first update field of the sequence</param>
            <param name="count">Number of values to retrieve</param>
            <returns></returns>
        </member>
        <member name="M:WowPacketParser.Store.Objects.UpdateFields.LegacyImplementation.UpdateFieldExtensions.GetEnum``2(System.Collections.Generic.Dictionary{System.Int32,WowPacketParser.Misc.UpdateField},``0)">
            <summary>
            Grabs a value from a dictionary of UpdateFields and converts it to an enum val
            </summary>
            <typeparam name="T">The type of UpdateField (ObjectField, UnitField, ...)</typeparam>
            <typeparam name="TK">The type of the value (a NULLABLE enum)</typeparam>
            <param name="dict">The dictionary</param>
            <param name="updateField">The update field we want</param>
            <returns></returns>
        </member>
    </members>
</doc>
