{
  "SpellCategoryParameter": {
    "values": {
      "1": "Default",
      "2": "Direct Damage - Spell",
      "4": "Item - Combat Cons. (Potion)",
      "11": "Item - Food",
      "12": "Healing - Spell",
      "17": "Quick Buff (Resist) - Spell",
      "18": "Damage Over Time - Spell",
      "19": "Quick Damage - Spell",
      "20": "Invulnerability (Other)",
      "21": "Quick Buff - Spell",
      "22": "Quick Debuff - Spell",
      "23": "Summoning",
      "24": "Item - Combat Cons. (Aggressive)",
      "25": "Quick Heal - Spell",
      "26": "Resurrection (Full)",
      "27": "Item - Scroll",
      "28": "Item - Quick Buff",
      "29": "Item - Debuff",
      "30": "Item - Healing",
      "31": "Conjure (Short)",
      "32": "Stun",
      "33": "Mez",
      "34": "Root",
      "35": "Direct Damage (AE) - Spell",
      "36": "Debuff - Spell",
      "37": "Invulnerability",
      "38": "Aura",
      "39": "Shapeshift",
      "40": "Melee (Generic)",
      "41": "Critical",
      "42": "Snare",
      "43": "Shout",
      "44": "Speed",
      "45": "Totem (Stoneclaw)",
      "46": "Healing (Group) - Spell",
      "47": "Combat States",
      "49": "Direct Damage (AE) - Ability",
      "50": "Direct Damage (AE-Cone) - Ability",
      "51": "Quick Debuff (DPS) - Spell",
      "52": "Quick Debuff (DR) - Spell",
      "54": "Quick Buff (DR) - Spell",
      "55": "Quick Buff (DPS) - Spell",
      "56": "Instant Heal - Spell",
      "57": "Quick Heal (Group) - Spell",
      "58": "Instant Heal (Group) - Spell",
      "59": "Item - Drink",
      "60": "Invulnerability (Temp)",
      "61": "Energize (Group) - Spell",
      "62": "Energize - Spell",
      "63": "Big Direct Damage - Spell",
      "64": "Minimap Special",
      "65": "Melee (Special)",
      "66": "Dodge Maneuver",
      "67": "Block Maneuver",
      "68": "Parry Maneuver",
      "72": "Direct Damage (AE-Persistent) Spell",
      "73": "Martial Arts (Generic)",
      "74": "Martial Arts (Special)",
      "75": "Detect",
      "76": "Shoot/Throw",
      "77": "Trade - Herbalism",
      "78": "Trade - Mining",
      "79": "Item - Potion (Non-Combat)",
      "82": "Taunt/Detaunt",
      "83": "Taming",
      "84": "Taunt (AE)",
      "85": "Direct Damage (AE-Chain) - Ability",
      "86": "Pet",
      "87": "Conjure (Long)",
      "88": "Silence",
      "89": "Portal",
      "93": "Charm",
      "94": "Item - Summoning",
      "95": "Racial Ability",
      "96": "Racial Ability 2",
      "97": "Secondary - Survival",
      "98": "Big Direct Damage - Spell (2)",
      "99": "Instant Spell",
      "100": "Item - Mana Gem",
      "101": "Felhunter",
      "102": "Item - Long Buff",
      "103": "Item - Epic",
      "104": "Totem (Healing)",
      "105": "Totem (Serpent)",
      "106": "Totem (Slowing)",
      "107": "Totem (Mana)",
      "108": "Totem (Invisibility)",
      "109": "Melee (Disarm)",
      "132": "Discipline",
      "133": "Global",
      "150": "Item - Bandage",
      "170": "Finishing Move (Weapon-scaled)",
      "190": "Banish",
      "230": "Totem (Grounding)",
      "250": "Blast Wave",
      "270": "Kidney Shot",
      "290": "Pyroblast",
      "310": "Transmute - Alchemy",
      "330": "Mount",
      "350": "Inner Rage",
      "351": "Ranged Weapon",
      "371": "Lightning Shield",
      "391": "Quest - Felcurse",
      "411": "Trap (Frost)",
      "431": "Holy Nova",
      "451": "Holy Fire",
      "471": "Ice Barrier",
      "511": "Astral Recall",
      "531": "Nature's Grasp",
      "551": "Aura of the Pious",
      "571": "Hurricane",
      "591": "Totem (Mana Tide)",
      "611": "Wings of Hope",
      "631": "Soul Fire",
      "633": "Death Coil",
      "634": "Howl of Terror",
      "651": "Shadowburn",
      "671": "Desperate Prayer",
      "672": "Conflagrate",
      "691": "Devouring Plague",
      "731": "Summon Warlock Guardian",
      "751": "Tree Form",
      "791": "Item - Salt Shaker",
      "811": "Divine Intervention",
      "831": "Soulstone",
      "851": "Restoration",
      "871": "Shadowmeld",
      "891": "Whirlwind",
      "892": "Holy Shock",
      "911": "Distracting Shot",
      "931": "Holy Shield",
      "932": "Consecration",
      "951": "PvP Battlefield Item - LONG (30 mins)",
      "971": "Mortal Strike",
      "991": "Item - SnowMaster",
      "1011": "Frenzied Healing",
      "1031": "Item - Half Hour",
      "1051": "Item - Jumper Cables",
      "1071": "Item - Hatch Jubling",
      "1091": "Battlegrounds Recall",
      "1111": "Wyvern Sting",
      "1131": "Hammer of Vengeance",
      "1132": "Intimidation",
      "1133": "Faerie Fire (Feral)",
      "1134": "Riposte",
      "1135": "Counterattack",
      "1136": "Holiday - Firework Rockets",
      "1137": "Holiday - Firecracker",
      "1138": "RC Weapons",
      "1139": "Item - Quest (10 minutes)",
      "1140": "Item - Quest (1 min)",
      "1141": "Item - Burst Trinket",
      "1142": "Holiday - Valentine",
      "1143": "Item - Target Dummy",
      "1144": "Priest Racial",
      "1145": "Lightwell",
      "1146": "Item - Enchanting Rod",
      "1147": "Revive Champion",
      "1148": "Spellstone",
      "1149": "Quest - 1 Hour",
      "1150": "ShadowThunderstrike",
      "1151": "Talent - DPS",
      "1152": "Creature Special",
      "1153": "Item - Combat Cons. (Non-Aggressive)",
      "1154": "Jewelcrafting - Cut Jewel",
      "1155": "Arathi Basin Trinket",
      "1156": "Reincarnation",
      "1157": "Item - Quest (10 sec)",
      "1158": "Intercept",
      "1159": "Creature Special 2",
      "1160": "Item - Priest Epic Staff",
      "1161": "Reincarnation",
      "1162": "Invisibility",
      "1163": "Chess Cooldown, Move",
      "1164": "Quest - Azuremyst Mount",
      "1165": "Pain Spike",
      "1166": "PvP Trinket/WOTF",
      "1167": "Quest - Throw Boulder",
      "1168": "Smoke Flare",
      "1169": "Shadow Word: Death",
      "1170": "Quest - Aerial Assault",
      "1171": "Kill Command",
      "1172": "Swift Shot",
      "1173": "Arcane Shot",
      "1174": "Enchanting",
      "1175": "Viper Sting",
      "1176": "Hearthstone",
      "1177": "Ritual of Souls/Refreshment",
      "1178": "Stealth Start",
      "1179": "Curse of Doom",
      "1180": "Goblin Rocket Helm",
      "1181": "Prayer of Mending",
      "1182": "PvP Class Trinkets",
      "1183": "Item - Netherwing Whelp",
      "1184": "Zone Flask - Blade's Edge",
      "1185": "Zone Flask - Shattrath",
      "1186": "Hand of Sacrifice",
      "1187": "Blind",
      "1188": "Chastise",
      "1189": "Arcane Barrage",
      "1190": "Item - PvP Health Increase",
      "1191": "Shatter Shield",
      "1192": "Starshards",
      "1193": "Item - Repair Bot",
      "1194": "Zone Buff - Sunwell",
      "1195": "Earth Shield",
      "1196": "Death Strike",
      "1197": "Holiday - Snowball",
      "1198": "Transmute - Alchemy (Metals)",
      "1199": "Transmute - Alchemy (Unused)",
      "1200": "Transmute - Alchemy (Gems)",
      "1201": "Shockwave",
      "1202": "Nature's Swiftness (Shaman)",
      "1203": "Item - Speed",
      "1204": "Circle of Healing",
      "1205": "Feral Charge",
      "1206": "Shadowstep",
      "1207": "Blood Strike",
      "1208": "Berserk",
      "1209": "Shield Slam",
      "1210": "Judgement",
      "1211": "Heroic Leap",
      "1212": "Teleport Dalaran - Epic Ring",
      "1213": "Item - Tracking",
      "1214": "Living Bomb",
      "1215": "Dragon's Breath",
      "1216": "Item - Engineering Enchant",
      "1217": "Typhoon",
      "1218": "Starfall",
      "1219": "Charge",
      "1221": "Deep Freeze",
      "1222": "Haunt",
      "1223": "Thunderstorm",
      "1224": "Lava Burst",
      "1225": "Chaos Bolt",
      "1226": "Kill Shot",
      "1227": "Bomber - Damage Control",
      "1228": "Riptide",
      "1229": "Item - Scroll of Recall",
      "1230": "Penance",
      "1231": "Concussive Shot",
      "1232": "Item - Darkmoon Tarot Cards",
      "1233": "Windfury Weapon",
      "1234": "Holiday - Thanksgiving Table",
      "1235": "Icecrown Bomber - Switch Seats",
      "1236": "Darkmoon - Test of Strength",
      "1237": "Wild Growth",
      "1238": "Tracking",
      "1239": "Tracking",
      "1240": "Corpse Explosion",
      "1241": "Cower",
      "1242": "AP/POM",
      "1243": "Power Word: Barrier",
      "1244": "Tournament - Mounted Melee",
      "1245": "Raise Dead",
      "1246": "Tournament - Banner",
      "1247": "Froststorm Breath",
      "1248": "Howling Blast",
      "1249": "Trap (Nature)",
      "1250": "Trap (Fire)",
      "1251": "Temporary Health",
      "1252": "Goblin Rocket Belt",
      "1253": "Horn of Winter",
      "1254": "Stormstrike",
      "1255": "Quest - Vehicle",
      "1256": "Test - Ron's test",
      "1257": "Stampeding Roar",
      "1258": "Tree Climbing",
      "1259": "Lava Lash/Fire Nova",
      "1260": "Skull Bash",
      "1261": "Warrior Shout Buffs",
      "1262": "Ardent Defender",
      "1263": "Inscription - Create Recipe",
      "1264": "Crusader Strike",
      "1265": "Heroic Strike",
      "1266": "Fear (Warlock)",
      "1267": "Forged Documents",
      "1268": "Priest - Archangel",
      "1269": "Flame Orb",
      "1271": "Soul Swap",
      "1272": "Entangling Roots",
      "1273": "Inscription - Forged Documents",
      "1274": "Alchemy Research - Northrend",
      "1275": "Inscription Research - Minor",
      "1276": "Inscription Research - Northrend",
      "1277": "Guild Page/Herald",
      "1278": "Tailoring - Dreamcloth (Air)",
      "1279": "Tailoring - Dreamcloth (Water)",
      "1280": "Tailoring - Dreamcloth (Fire)",
      "1281": "Tailoring - Dreamcloth (Earth)",
      "1282": "Tailoring - Dreamcloth (Life)",
      "1283": "Engineering - Belt Enchantment",
      "1284": "Cosmetic - Summon",
      "1285": "Tailoring - Glacial Bag",
      "1286": "Archaeology Survey",
      "1287": "Blade Flurry",
      "1289": "Last Stand",
      "1291": "Jewelcrafting - Prism",
      "1298": "Shield Wall",
      "1328": "Tailoring - Dreamcloth (ALL)",
      "1329": "Rogue - Survival",
      "1330": "Deadly Calm",
      "1335": "Dragon Soul Legendary"
    }
  },
  "SpellDispelParameter": {
    "values": {
      "0": "none",
      "1": "magic",
      "2": "curse",
      "3": "disease",
      "4": "poison",
      "5": "stealth",
      "6": "invisibility",
      "7": "all",
      "8": "spe npc only",
      "9": "enrage",
      "10": "zg ticket",
      "11": "old unused"
    }
  },
  "SpellMechanicParameter": {
    "values": {
      "0": "none",
      "1": "charm",
      "2": "disoriented",
      "3": "disarm",
      "4": "distract",
      "5": "fear",
      "6": "grip",
      "7": "root",
      "8": "slow_attack",
      "9": "silence",
      "10": "sleep",
      "11": "snare",
      "12": "stun",
      "13": "freeze",
      "14": "knockout",
      "15": "bleed",
      "16": "bandage",
      "17": "polymorph",
      "18": "banish",
      "19": "shield",
      "20": "shackle",
      "21": "mount",
      "22": "infected",
      "23": "turn",
      "24": "horror",
      "25": "invulnerability",
      "26": "interrupt",
      "27": "daze",
      "28": "discovery",
      "29": "immune_shield",
      "30": "sapped",
      "31": "enraged"
    }
  },
  "FacingCasterFlagsParameter": {
    "isflag": true,
    "values": {
      "1": "in front"
    }
  },
  "SpellInterruptFlagParameter": {
    "isflag": true,
    "values": {
      "0x01": "movement",
      "0x02": "dmg push back player",
      "0x04": "stun",
      "0x08": "combat",
      "0x10": "dmg cancels player",
      "0x20": "melee combat"
    }
  },
  "SpellChannelInterruptFlagParameter": {
    "isflag": true,
    "values": {
      "0x0008": "interrupt",
      "0x4000": "delay"
    }
  },
  "SpellAuraInterruptFlagParameter": {
    "isflag": true,
    "values": {
      "0x00000001": {"name": "HOSTILE_ACTION_RECEIVED", "description": "removed when getting hit by a negative spell?"},
      "0x00000002": {"name": "DAMAGE", "description": "removed by any damage"},
      "0x00000004": {"name": "ACTION", "description": "cast any spells"},
      "0x00000008": {"name": "MOVING", "description": "removed by any movement"},
      "0x00000010": {"name": "TURNING", "description": "removed by any turning"},
      "0x00000020": {"name": "ANIM", "description": "removed by using an animation/jumping"},
      "0x00000040": {"name": "DISMOUNT", "description": "removed by dismounting"},
      "0x00000080": {"name": "UNDERWATER", "description": "removed by entering water"},
      "0x00000100": {"name": "ABOVEWATER", "description": "removed by leaving water"},
      "0x00000200": {"name": "SHEATHING", "description": "removed by unsheathing"},
      "0x00000400": {"name": "INTERACTING", "description": "removed by interacting with creatures"},
      "0x00000800": {"name": "LOOTING", "description": "removed by looting"},
      "0x00001000": {"name": "ATTACKING", "description": "removed by attacking"},
      "0x00002000": {"name": "ITEM_USE", "description": "removed by using items"},
      "0x00004000": {"name": "DAMAGE_CHANNEL_DURATION", "description": "damage reduces channel duration"},
      "0x00008000": {"name": "SHAPESHIFTING", "description": "removed by shapeshifting"},
      "0x00010000": {"name": "ACTION_DELAYED", "description": "removed when a delayed spell is handled"},
      "0x00020000": {"name": "MOUNT", "description": "misdirect, aspect, swim speed"},
      "0x00040000": {"name": "STANDING", "description": "removed by standing up (used by food and drink mostly and sleep/Fake Death like)"},
      "0x00080000": {"name": "LEAVE_WORLD", "description": "leaving map/getting teleported"},
      "0x00100000": {"name": "STEALTH_OR_INVIS", "description": "removed by auras that make you invulnerable, or make other to lose selection on you"},
      "0x00200000": {"name": "INVULNERABILITY_BUFF", "description": "removed when receiving an invulnerability aura"},
      "0x00400000": {"name": "ENTER_WORLD", "description": "removed when entering world"},
      "0x00800000": {"name": "PVP_ACTIVE", "description": "removed by entering pvp combat"},
      "0x01000000": {"name": "NON_PERIODIC_DAMAGE", "description": "removed by any direct damage"},
      "0x02000000": {"name": "LANDING_OR_FLIGHT", "description": "removed by landing or taking off"},
      "0x04000000": {"name": "RELEASE", "description": "removed by releasing"},
      "0x08000000": {"name": "DAMAGE_CANCELS_SCRIPT", "description": "removed by dedicated aura script hook (NYI, unused in 3.3.5a)"},
      "0x10000000": {"name": "ENTERING_COMBAT", "description": "removed by entering combat"},
      "0x20000000": {"name": "LOGIN", "description": "removed by logging in"},
      "0x40000000": {"name": "SUMMON", "description": "removed by being summoned"},
      "0x80000000": {"name": "LEAVE_COMBAT", "description": "removed by leaving combat"}
    }
  },
  "SpellTargetTypeParameter": {
    "values": {
      "1": "TARGET_UNIT_CASTER",
      "2": "TARGET_UNIT_NEARBY_ENEMY",
      "3": "TARGET_UNIT_NEARBY_ALLY",
      "4": "TARGET_UNIT_NEARBY_PARTY",
      "5": "TARGET_UNIT_PET",
      "6": "TARGET_UNIT_TARGET_ENEMY",
      "7": "TARGET_UNIT_SRC_AREA_ENTRY",
      "8": "TARGET_UNIT_DEST_AREA_ENTRY",
      "9": "TARGET_DEST_HOME",
      "11": "TARGET_UNIT_SRC_AREA_UNK_11",
      "15": "TARGET_UNIT_SRC_AREA_ENEMY",
      "16": "TARGET_UNIT_DEST_AREA_ENEMY",
      "17": "TARGET_DEST_DB",
      "18": "TARGET_DEST_CASTER",
      "20": "TARGET_UNIT_CASTER_AREA_PARTY",
      "21": "TARGET_UNIT_TARGET_ALLY",
      "22": "TARGET_SRC_CASTER",
      "23": "TARGET_GAMEOBJECT_TARGET",
      "24": "TARGET_UNIT_CONE_ENEMY_24",
      "25": "TARGET_UNIT_TARGET_ANY",
      "26": "TARGET_GAMEOBJECT_ITEM_TARGET",
      "27": "TARGET_UNIT_MASTER",
      "28": "TARGET_DEST_DYNOBJ_ENEMY",
      "29": "TARGET_DEST_DYNOBJ_ALLY",
      "30": "TARGET_UNIT_SRC_AREA_ALLY",
      "31": "TARGET_UNIT_DEST_AREA_ALLY",
      "32": "TARGET_DEST_CASTER_SUMMON",
      "33": "TARGET_UNIT_SRC_AREA_PARTY",
      "34": "TARGET_UNIT_DEST_AREA_PARTY",
      "35": "TARGET_UNIT_TARGET_PARTY",
      "36": "TARGET_DEST_CASTER_UNK_36",
      "37": "TARGET_UNIT_LASTTARGET_AREA_PARTY",
      "38": "TARGET_UNIT_NEARBY_ENTRY",
      "39": "TARGET_DEST_CASTER_FISHING",
      "40": "TARGET_GAMEOBJECT_NEARBY_ENTRY",
      "41": "TARGET_DEST_CASTER_FRONT_RIGHT",
      "42": "TARGET_DEST_CASTER_BACK_RIGHT",
      "43": "TARGET_DEST_CASTER_BACK_LEFT",
      "44": "TARGET_DEST_CASTER_FRONT_LEFT",
      "45": "TARGET_UNIT_TARGET_CHAINHEAL_ALLY",
      "46": "TARGET_DEST_NEARBY_ENTRY",
      "47": "TARGET_DEST_CASTER_FRONT",
      "48": "TARGET_DEST_CASTER_BACK",
      "49": "TARGET_DEST_CASTER_RIGHT",
      "50": "TARGET_DEST_CASTER_LEFT",
      "51": "TARGET_GAMEOBJECT_SRC_AREA",
      "52": "TARGET_GAMEOBJECT_DEST_AREA",
      "53": "TARGET_DEST_TARGET_ENEMY",
      "54": "TARGET_UNIT_CONE_ENEMY_54",
      "55": "TARGET_DEST_CASTER_FRONT_LEAP",
      "56": "TARGET_UNIT_CASTER_AREA_RAID",
      "57": "TARGET_UNIT_TARGET_RAID",
      "58": "TARGET_UNIT_NEARBY_RAID",
      "59": "TARGET_UNIT_CONE_ALLY",
      "60": "TARGET_UNIT_CONE_ENTRY",
      "61": "TARGET_UNIT_TARGET_AREA_RAID_CLASS",
      "62": "TARGET_UNK_62",
      "63": "TARGET_DEST_TARGET_ANY",
      "64": "TARGET_DEST_TARGET_FRONT",
      "65": "TARGET_DEST_TARGET_BACK",
      "66": "TARGET_DEST_TARGET_RIGHT",
      "67": "TARGET_DEST_TARGET_LEFT",
      "68": "TARGET_DEST_TARGET_FRONT_RIGHT",
      "69": "TARGET_DEST_TARGET_BACK_RIGHT",
      "70": "TARGET_DEST_TARGET_BACK_LEFT",
      "71": "TARGET_DEST_TARGET_FRONT_LEFT",
      "72": "TARGET_DEST_CASTER_RANDOM",
      "73": "TARGET_DEST_CASTER_RADIUS",
      "74": "TARGET_DEST_TARGET_RANDOM",
      "75": "TARGET_DEST_TARGET_RADIUS",
      "76": "TARGET_DEST_CHANNEL_TARGET",
      "77": "TARGET_UNIT_CHANNEL_TARGET",
      "78": "TARGET_DEST_DEST_FRONT",
      "79": "TARGET_DEST_DEST_BACK",
      "80": "TARGET_DEST_DEST_RIGHT",
      "81": "TARGET_DEST_DEST_LEFT",
      "82": "TARGET_DEST_DEST_FRONT_RIGHT",
      "83": "TARGET_DEST_DEST_BACK_RIGHT",
      "84": "TARGET_DEST_DEST_BACK_LEFT",
      "85": "TARGET_DEST_DEST_FRONT_LEFT",
      "86": "TARGET_DEST_DEST_RANDOM",
      "87": "TARGET_DEST_DEST",
      "88": "TARGET_DEST_DYNOBJ_NONE",
      "89": "TARGET_DEST_TRAJ",
      "90": "TARGET_UNIT_TARGET_MINIPET",
      "91": "TARGET_DEST_DEST_RADIUS",
      "92": "TARGET_UNIT_SUMMONER",
      "93": "TARGET_CORPSE_SRC_AREA_ENEMY",
      "94": "TARGET_UNIT_VEHICLE",
      "95": "TARGET_UNIT_TARGET_PASSENGER",
      "96": "TARGET_UNIT_PASSENGER_0",
      "97": "TARGET_UNIT_PASSENGER_1",
      "98": "TARGET_UNIT_PASSENGER_2",
      "99": "TARGET_UNIT_PASSENGER_3",
      "100": "TARGET_UNIT_PASSENGER_4",
      "101": "TARGET_UNIT_PASSENGER_5",
      "102": "TARGET_UNIT_PASSENGER_6",
      "103": "TARGET_UNIT_PASSENGER_7",
      "104": "TARGET_UNIT_CONE_ENEMY_104",
      "105": "TARGET_UNIT_UNK_105",
      "106": "TARGET_DEST_CHANNEL_CASTER",
      "107": "TARGET_UNK_DEST_AREA_UNK_107",
      "108": "TARGET_GAMEOBJECT_CONE",
      "110": "TARGET_UNIT_CONE_ENTRY_110"      
    }
  },
  "SpellDamageClassParameter": {
    "values": {
      "0": "NONE",
      "1": "MAGIC",
      "2": "MELEE",
      "3": "RANGED"
    }
  },
  "SpellPreventionTypeParameter": {
    "values": {
      "0": "none",
      "1": "silence",
      "2": "pacify"
    }
  }
}