{
	"SpellProcFlagParameter": {
		"isflag": true,
		"values": {
			"204": {"name": "Auto attack proc flag mask"},
			"12582972": {"name": "Melee proc flag mask"},
			"960": {"name": "Ranged proc flag mask"},
			"3145712": {"name": "Spell proc flag mask"},
			"15029588": {"name": "Done hit proc flag mask"},
			"1747624": {"name": "Taken hit proc flag mask"},
			"1": {"name": "Heartbeat", "description": "Heartbeat"},
			"2": {"name": "Kill", "description": "Kill target (in most cases need XP/Honor reward)"},
			"4": {"name": "Deal melee swing", "description": "Done melee auto attack"},
			"8": {"name": "Take melee swing", "description": "Taken melee auto attack"},
			"16": {"name": "Deal melee ability", "description": "Done attack by Spell that has dmg class melee"},
			"32": {"name": "Take melee ability", "description": "Taken attack by Spell that has dmg class melee"},
			"64": {"name": "Deal ranged attack", "description": "Done ranged auto attack"},
			"128": {"name": "Take ranged attack", "description": "Taken ranged auto attack"},
			"256": {"name": "Deal ranged ability", "description": "Done attack by Spell that has dmg class ranged"},
			"512": {"name": "Take ranged ability", "description": "Taken attack by Spell that has dmg class ranged"},
			"1024": {"name": "Deal helpful ability", "description": "Done positive spell that has dmg class none"},
			"2048": {"name": "Take helpful ability", "description": "Taken positive spell that has dmg class none"},
			"4096": {"name": "Deal harmful ability", "description": "Done negative spell that has dmg class none"},
			"8192": {"name": "Take harmful ability", "description": "Taken negative spell that has dmg class none"},
			"16384": {"name": "Deal helpful spell", "description": "Done positive spell that has dmg class magic"},
			"32768": {"name": "Take helpful spell", "description": "Taken positive spell that has dmg class magic"},
			"65536": {"name": "Deal harmful spell", "description": "Done negative spell that has dmg class magic"},
			"131072": {"name": "Take harmful spell", "description": "Taken negative spell that has dmg class magic"},
			"262144": {"name": "Deal harmful periodic", "description": "Successful do periodic (damage / healing)"},
			"524288": {"name": "Take harmful periodic", "description": "Taken spell periodic (damage / healing)"},
			"1048576": {"name": "Take any damage", "description": "Taken any damage"},
			"2097152": {"name": "Deal helpful periodic", "description": "On trap activation (possibly needs name change to ON_GAMEOBJECT_CAST or USE)"},
			"4194304": {"name": "Main hand weapon swing", "description": "Done main-hand melee attacks (spell and autoattack)"},
			"8388608": {"name": "Off hand weapon swing", "description": "Done off-hand melee attacks (spell and autoattack)"},
			"16777216": {"name": "Death", "description": "Died in any way"}
		}
	},
	"ProcSpellTypeMaskParameter": {
		"isflag": true,
		"values": {
			"7": {"name": "all"},
			"1": {"name": "damage", "description": "only damaging spells"},
			"2": {"name": "heal", "description": "only healing spells"},
			"4": {"name": "other", "description": "only other spells"}
		}
	},
	"ProcSpellPhaseMaskParameter": {
		"isflag": true,
		"values": {
			"7": {"name": "any"},
			"1": {"name": "cast", "description": "trigger when spell has just finished casting"},
			"2": {"name": "hit", "description": "trigger when the spell hits its target"},
			"4": {"name": "finish", "description": "trigger after spell has done all its effects on all targets"}
		}
	},
	"ProcFlagsHitParameter": {
		"isflag": true,
		"values": {
			"16383": {"name": "All"},
			"0": {"name": "None"},
			"1": {"name": "Normal"},
			"2": {"name": "Critical"},
			"4": {"name": "Miss"},
			"8": {"name": "Full resist"},
			"16": {"name": "Dodge"},
			"32": {"name": "Parry"},
			"64": {"name": "Block"},
			"128": {"name": "Evade"},
			"256": {"name": "Immune"},
			"512": {"name": "Deflect"},
			"1024": {"name": "Absorb"},
			"2048": {"name": "Reflect"},
			"4096": {"name": "Interrupt"},
			"8192": {"name": "Full block"}
		}
	},
	"EnchantProcAttributesParameter": {
		"isflag": true,
		"values": {
			"1": {"name": "while hit", "description": "enchant shall only proc off white hits (not abilities)"},
			"2": {"name": "limit 60", "description": "enchant effects shall be reduced past lvl 60"}
		}
	},
	"ProcAttributesParameter": {
		"isflag": true,
		"values": {
			"1": {"name": "req exp or honor", "description": "requires proc target to give exp or honor for aura proc"},
			"2": {"name": "triggered can proc", "description": "aura can proc even with triggered spells"},
			"4": {"name": "req mana cost", "description": "requires triggering spell to have a mana cost for aura proc"},
			"8": {"name": "req spellmod", "description": "requires triggering spell to be affected by proccing aura to drop charges"},
			"128": {"name": "reduce proc 60", "description": "aura should have a reduced chance to proc if level of proc Actor > 60"},
			"256": {"name": "can't proc from item cast", "description": "do not allow aura proc if proc is caused by a spell casted by item"}
		}
	},
	"DisableProcEffectMaskParameter": {
		"isflag": true,
		"values": {
			"1": {"name": "effect 0"},
			"2": {"name": "effect 1"},
			"4": {"name": "effect 2"}
		}
	},
	"SpellGroupStackRuleParameter": {
		"values": {
			"0": {"name": "default"},
			"1": {"name": "exclusive", "description": "auras from group can't stack with each other"},
			"2": {"name": "exclusive from same caster", "description": "auras from group can't stack with each other when cast by same caster"},
			"3": {"name": "exclusive same effect", "description": "same effects of spells will not stack, yet auras will remain on a target"},
			"4": {"name": "highest", "description": "only highest effect will remain on target"}
		}
	},
	"SpellImmunityParameter": {
		"values": {
			"0": {"name": "spell effect"},
			"1": {"name": "aura"},
			"2": {"name": "spell school"},
			"3": {"name": "damage"},
			"4": {"name": "dispel type"},
			"5": {"name": "mechanic"},
			"6": {"name": "spell id"}
		}
	},
	"DispelTypeParameter": {
		"values": {
			"0": {"name": "none"},
			"1": {"name": "magic"},
			"2": {"name": "curse"},
			"3": {"name": "disease"},
			"4": {"name": "poison"},
			"5": {"name": "stealth"},
			"6": {"name": "invisibility"},
			"7": {"name": "all"},
			"8": {"name": "spe npc only"},
			"9": {"name": "enrage"},
			"10": {"name": "zg ticket"}
		}	
	},
	"DispelTypeMaskParameter": {
		"values": {
			"2": {"name": "magic"},
			"4": {"name": "curse"},
			"8": {"name": "disease"},
			"16": {"name": "poison"},
			"32": {"name": "stealth"},
			"64": {"name": "invisibility"},
			"128": {"name": "all"},
			"256": {"name": "spe npc only"},
			"512": {"name": "enrage"},
			"1024": {"name": "zg ticket"}
		}
	},
	"MechanicsParameter": {
		"values": {
			"0": {"name": "None"},
			"1": {"name": "Charm"},
			"2": {"name": "Disoriented"},
			"3": {"name": "Disarm"},
			"4": {"name": "Distract"},
			"5": {"name": "Fear"},
			"6": {"name": "Grip"},
			"7": {"name": "Root"},
			"8": {"name": "Slow_attack"},
			"9": {"name": "Silence"},
			"10": {"name": "Sleep"},
			"11": {"name": "Snare"},
			"12": {"name": "Stun"},
			"13": {"name": "Freeze"},
			"14": {"name": "Knockout"},
			"15": {"name": "Bleed"},
			"16": {"name": "Bandage"},
			"17": {"name": "Polymorph"},
			"18": {"name": "Banish"},
			"19": {"name": "Shield"},
			"20": {"name": "Shackle"},
			"21": {"name": "Mount"},
			"22": {"name": "Infected"},
			"23": {"name": "Turn"},
			"24": {"name": "Horror"},
			"25": {"name": "Invulnerability"},
			"26": {"name": "Interrupt"},
			"27": {"name": "Daze"},
			"28": {"name": "Discovery"},
			"29": {"name": "Immune_shield"},
			"30": {"name": "Sapped"},
			"31": {"name": "Enraged"}
		}
	},
	"SpellEffectTypeParameter": {
		"values": {
			"0": {"name": "NONE"},
			"1": {"name": "INSTAKILL"},
			"2": {"name": "SCHOOL_DAMAGE"},
			"3": {"name": "DUMMY"},
			"4": {"name": "PORTAL_TELEPORT"},
			"5": {"name": "TELEPORT_UNITS"},
			"6": {"name": "APPLY_AURA"},
			"7": {"name": "ENVIRONMENTAL_DAMAGE"},
			"8": {"name": "POWER_DRAIN"},
			"9": {"name": "HEALTH_LEECH"},
			"10": {"name": "HEAL"},
			"11": {"name": "BIND"},
			"12": {"name": "PORTAL"},
			"13": {"name": "RITUAL_BASE"},
			"14": {"name": "RITUAL_SPECIALIZE"},
			"15": {"name": "RITUAL_ACTIVATE_PORTAL"},
			"16": {"name": "QUEST_COMPLETE"},
			"17": {"name": "WEAPON_DAMAGE_NOSCHOOL"},
			"18": {"name": "RESURRECT"},
			"19": {"name": "ADD_EXTRA_ATTACKS"},
			"20": {"name": "DODGE"},
			"21": {"name": "EVADE"},
			"22": {"name": "PARRY"},
			"23": {"name": "BLOCK"},
			"24": {"name": "CREATE_ITEM"},
			"25": {"name": "WEAPON"},
			"26": {"name": "DEFENSE"},
			"27": {"name": "PERSISTENT_AREA_AURA"},
			"28": {"name": "SUMMON"},
			"29": {"name": "LEAP"},
			"30": {"name": "ENERGIZE"},
			"31": {"name": "WEAPON_PERCENT_DAMAGE"},
			"32": {"name": "TRIGGER_MISSILE"},
			"33": {"name": "OPEN_LOCK"},
			"34": {"name": "SUMMON_CHANGE_ITEM"},
			"35": {"name": "APPLY_AREA_AURA_PARTY"},
			"36": {"name": "LEARN_SPELL"},
			"37": {"name": "SPELL_DEFENSE"},
			"38": {"name": "DISPEL"},
			"39": {"name": "LANGUAGE"},
			"40": {"name": "DUAL_WIELD"},
			"41": {"name": "JUMP"},
			"42": {"name": "JUMP_DEST"},
			"43": {"name": "TELEPORT_UNITS_FACE_CASTER"},
			"44": {"name": "SKILL_STEP"},
			"45": {"name": "ADD_HONOR"},
			"46": {"name": "SPAWN"},
			"47": {"name": "TRADE_SKILL"},
			"48": {"name": "STEALTH"},
			"49": {"name": "DETECT"},
			"50": {"name": "TRANS_DOOR"},
			"51": {"name": "FORCE_CRITICAL_HIT"},
			"52": {"name": "GUARANTEE_HIT"},
			"53": {"name": "ENCHANT_ITEM"},
			"54": {"name": "ENCHANT_ITEM_TEMPORARY"},
			"55": {"name": "TAMECREATURE"},
			"56": {"name": "SUMMON_PET"},
			"57": {"name": "LEARN_PET_SPELL"},
			"58": {"name": "WEAPON_DAMAGE"},
			"59": {"name": "CREATE_RANDOM_ITEM"},
			"60": {"name": "PROFICIENCY"},
			"61": {"name": "SEND_EVENT"},
			"62": {"name": "POWER_BURN"},
			"63": {"name": "THREAT"},
			"64": {"name": "TRIGGER_SPELL"},
			"65": {"name": "APPLY_AREA_AURA_RAID"},
			"66": {"name": "CREATE_MANA_GEM"},
			"67": {"name": "HEAL_MAX_HEALTH"},
			"68": {"name": "INTERRUPT_CAST"},
			"69": {"name": "DISTRACT"},
			"70": {"name": "PULL"},
			"71": {"name": "PICKPOCKET"},
			"72": {"name": "ADD_FARSIGHT"},
			"73": {"name": "UNTRAIN_TALENTS"},
			"74": {"name": "APPLY_GLYPH"},
			"75": {"name": "HEAL_MECHANICAL"},
			"76": {"name": "SUMMON_OBJECT_WILD"},
			"77": {"name": "SCRIPT_EFFECT"},
			"78": {"name": "ATTACK"},
			"79": {"name": "SANCTUARY"},
			"80": {"name": "ADD_COMBO_POINTS"},
			"81": {"name": "CREATE_HOUSE"},
			"82": {"name": "BIND_SIGHT"},
			"83": {"name": "DUEL"},
			"84": {"name": "STUCK"},
			"85": {"name": "SUMMON_PLAYER"},
			"86": {"name": "ACTIVATE_OBJECT"},
			"87": {"name": "GAMEOBJECT_DAMAGE"},
			"88": {"name": "GAMEOBJECT_REPAIR"},
			"89": {"name": "GAMEOBJECT_SET_DESTRUCTION_STATE"},
			"90": {"name": "KILL_CREDIT"},
			"91": {"name": "THREAT_ALL"},
			"92": {"name": "ENCHANT_HELD_ITEM"},
			"93": {"name": "FORCE_DESELECT"},
			"94": {"name": "SELF_RESURRECT"},
			"95": {"name": "SKINNING"},
			"96": {"name": "CHARGE"},
			"97": {"name": "CAST_BUTTON"},
			"98": {"name": "KNOCK_BACK"},
			"99": {"name": "DISENCHANT"},
			"100": {"name": "INEBRIATE"},
			"101": {"name": "FEED_PET"},
			"102": {"name": "DISMISS_PET"},
			"103": {"name": "REPUTATION"},
			"104": {"name": "SUMMON_OBJECT_SLOT1"},
			"105": {"name": "SUMMON_OBJECT_SLOT2"},
			"106": {"name": "SUMMON_OBJECT_SLOT3"},
			"107": {"name": "SUMMON_OBJECT_SLOT4"},
			"108": {"name": "DISPEL_MECHANIC"},
			"109": {"name": "RESURRECT_PET"},
			"110": {"name": "DESTROY_ALL_TOTEMS"},
			"111": {"name": "DURABILITY_DAMAGE"},
			"112": {"name": "112"},
			"113": {"name": "RESURRECT_NEW"},
			"114": {"name": "ATTACK_ME"},
			"115": {"name": "DURABILITY_DAMAGE_PCT"},
			"116": {"name": "SKIN_PLAYER_CORPSE"},
			"117": {"name": "SPIRIT_HEAL"},
			"118": {"name": "SKILL"},
			"119": {"name": "APPLY_AREA_AURA_PET"},
			"120": {"name": "TELEPORT_GRAVEYARD"},
			"121": {"name": "NORMALIZED_WEAPON_DMG"},
			"122": {"name": "122"},
			"123": {"name": "SEND_TAXI"},
			"124": {"name": "PULL_TOWARDS"},
			"125": {"name": "MODIFY_THREAT_PERCENT"},
			"126": {"name": "STEAL_BENEFICIAL_BUFF"},
			"127": {"name": "PROSPECTING"},
			"128": {"name": "APPLY_AREA_AURA_FRIEND"},
			"129": {"name": "APPLY_AREA_AURA_ENEMY"},
			"130": {"name": "REDIRECT_THREAT"},
			"131": {"name": "PLAY_SOUND"},
			"132": {"name": "PLAY_MUSIC"},
			"133": {"name": "UNLEARN_SPECIALIZATION"},
			"134": {"name": "KILL_CREDIT2"},
			"135": {"name": "CALL_PET"},
			"136": {"name": "HEAL_PCT"},
			"137": {"name": "ENERGIZE_PCT"},
			"138": {"name": "LEAP_BACK"},
			"139": {"name": "CLEAR_QUEST"},
			"140": {"name": "FORCE_CAST"},
			"141": {"name": "FORCE_CAST_WITH_VALUE"},
			"142": {"name": "TRIGGER_SPELL_WITH_VALUE"},
			"143": {"name": "APPLY_AREA_AURA_OWNER"},
			"144": {"name": "KNOCK_BACK_DEST"},
			"145": {"name": "PULL_TOWARDS_DEST"},
			"146": {"name": "ACTIVATE_RUNE"},
			"147": {"name": "QUEST_FAIL"},
			"148": {"name": "TRIGGER_MISSILE_SPELL_WITH_VALUE"},
			"149": {"name": "CHARGE_DEST"},
			"150": {"name": "QUEST_START"},
			"151": {"name": "TRIGGER_SPELL_2"},
			"152": {"name": "SUMMON_RAF_FRIEND"},
			"153": {"name": "CREATE_TAMED_PET"},
			"154": {"name": "DISCOVER_TAXI"},
			"155": {"name": "TITAN_GRIP"},
			"156": {"name": "ENCHANT_ITEM_PRISMATIC"},
			"157": {"name": "CREATE_ITEM_2"},
			"158": {"name": "MILLING"},
			"159": {"name": "ALLOW_RENAME_PET"},
			"160": {"name": "FORCE_CAST_2"},
			"161": {"name": "TALENT_SPEC_COUNT"},
			"162": {"name": "TALENT_SPEC_SELECT"},
			"163": {"name": "163"},
			"164": {"name": "REMOVE_AURA"}			
		}
	},
	"AuraTypeParameter": {
		"name": "Aura type",
		"prefix": "SPELL_AURA_",
		"values": {
			"0": {"name": "NONE"},
			"1": {"name": "BIND_SIGHT"},
			"2": {"name": "MOD_POSSESS"},
			"3": {"name": "PERIODIC_DAMAGE"},
			"4": {"name": "DUMMY"},
			"5": {"name": "MOD_CONFUSE"},
			"6": {"name": "MOD_CHARM"},
			"7": {"name": "MOD_FEAR"},
			"8": {"name": "PERIODIC_HEAL"},
			"9": {"name": "MOD_ATTACKSPEED"},
			"10": {"name": "MOD_THREAT"},
			"11": {"name": "MOD_TAUNT"},
			"12": {"name": "MOD_STUN"},
			"13": {"name": "MOD_DAMAGE_DONE"},
			"14": {"name": "MOD_DAMAGE_TAKEN"},
			"15": {"name": "DAMAGE_SHIELD"},
			"16": {"name": "MOD_STEALTH"},
			"17": {"name": "MOD_STEALTH_DETECT"},
			"18": {"name": "MOD_INVISIBILITY"},
			"19": {"name": "MOD_INVISIBILITY_DETECT"},
			"20": {"name": "OBS_MOD_HEALTH"},
			"21": {"name": "OBS_MOD_POWER"},
			"22": {"name": "MOD_RESISTANCE"},
			"23": {"name": "PERIODIC_TRIGGER_SPELL"},
			"24": {"name": "PERIODIC_ENERGIZE"},
			"25": {"name": "MOD_PACIFY"},
			"26": {"name": "MOD_ROOT"},
			"27": {"name": "MOD_SILENCE"},
			"28": {"name": "REFLECT_SPELLS"},
			"29": {"name": "MOD_STAT"},
			"30": {"name": "MOD_SKILL"},
			"31": {"name": "MOD_INCREASE_SPEED"},
			"32": {"name": "MOD_INCREASE_MOUNTED_SPEED"},
			"33": {"name": "MOD_DECREASE_SPEED"},
			"34": {"name": "MOD_INCREASE_HEALTH"},
			"35": {"name": "MOD_INCREASE_ENERGY"},
			"36": {"name": "MOD_SHAPESHIFT"},
			"37": {"name": "EFFECT_IMMUNITY"},
			"38": {"name": "STATE_IMMUNITY"},
			"39": {"name": "SCHOOL_IMMUNITY"},
			"40": {"name": "DAMAGE_IMMUNITY"},
			"41": {"name": "DISPEL_IMMUNITY"},
			"42": {"name": "PROC_TRIGGER_SPELL"},
			"43": {"name": "PROC_TRIGGER_DAMAGE"},
			"44": {"name": "TRACK_CREATURES"},
			"45": {"name": "TRACK_RESOURCES"},
			"46": {"name": "UNK_46"},
			"47": {"name": "MOD_PARRY_PERCENT"},
			"48": {"name": "UNK_48"},
			"49": {"name": "MOD_DODGE_PERCENT"},
			"50": {"name": "MOD_CRITICAL_HEALING_AMOUNT"},
			"51": {"name": "MOD_BLOCK_PERCENT"},
			"52": {"name": "MOD_WEAPON_CRIT_PERCENT"},
			"53": {"name": "PERIODIC_LEECH"},
			"54": {"name": "MOD_HIT_CHANCE"},
			"55": {"name": "MOD_SPELL_HIT_CHANCE"},
			"56": {"name": "TRANSFORM"},
			"57": {"name": "MOD_SPELL_CRIT_CHANCE"},
			"58": {"name": "MOD_INCREASE_SWIM_SPEED"},
			"59": {"name": "MOD_DAMAGE_DONE_CREATURE"},
			"60": {"name": "MOD_PACIFY_SILENCE"},
			"61": {"name": "MOD_SCALE"},
			"62": {"name": "PERIODIC_HEALTH_FUNNEL"},
			"63": {"name": "MOD_ADDITIONAL_POWER_COST"},
			"64": {"name": "PERIODIC_MANA_LEECH"},
			"65": {"name": "MOD_CASTING_SPEED_NOT_STACK"},
			"66": {"name": "FEIGN_DEATH"},
			"67": {"name": "MOD_DISARM"},
			"68": {"name": "MOD_STALKED"},
			"69": {"name": "SCHOOL_ABSORB"},
			"70": {"name": "EXTRA_ATTACKS"},
			"71": {"name": "UNK_71"},
			"72": {"name": "MOD_POWER_COST_SCHOOL_PCT"},
			"73": {"name": "MOD_POWER_COST_SCHOOL"},
			"74": {"name": "REFLECT_SPELLS_SCHOOL"},
			"75": {"name": "MOD_LANGUAGE"},
			"76": {"name": "FAR_SIGHT"},
			"77": {"name": "MECHANIC_IMMUNITY"},
			"78": {"name": "MOUNTED"},
			"79": {"name": "MOD_DAMAGE_PERCENT_DONE"},
			"80": {"name": "MOD_PERCENT_STAT"},
			"81": {"name": "SPLIT_DAMAGE_PCT"},
			"82": {"name": "WATER_BREATHING"},
			"83": {"name": "MOD_BASE_RESISTANCE"},
			"84": {"name": "MOD_REGEN"},
			"85": {"name": "MOD_POWER_REGEN"},
			"86": {"name": "CHANNEL_DEATH_ITEM"},
			"87": {"name": "MOD_DAMAGE_PERCENT_TAKEN"},
			"88": {"name": "MOD_HEALTH_REGEN_PERCENT"},
			"89": {"name": "PERIODIC_DAMAGE_PERCENT"},
			"90": {"name": "UNK_90"},
			"91": {"name": "MOD_DETECT_RANGE"},
			"92": {"name": "PREVENTS_FLEEING"},
			"93": {"name": "MOD_UNATTACKABLE"},
			"94": {"name": "INTERRUPT_REGEN"},
			"95": {"name": "GHOST"},
			"96": {"name": "SPELL_MAGNET"},
			"97": {"name": "MANA_SHIELD"},
			"98": {"name": "MOD_SKILL_TALENT"},
			"99": {"name": "MOD_ATTACK_POWER"},
			"100": {"name": "AURAS_VISIBLE"},
			"101": {"name": "MOD_RESISTANCE_PCT"},
			"102": {"name": "MOD_MELEE_ATTACK_POWER_VERSUS"},
			"103": {"name": "MOD_TOTAL_THREAT"},
			"104": {"name": "WATER_WALK"},
			"105": {"name": "FEATHER_FALL"},
			"106": {"name": "HOVER"},
			"107": {"name": "ADD_FLAT_MODIFIER"},
			"108": {"name": "ADD_PCT_MODIFIER"},
			"109": {"name": "ADD_TARGET_TRIGGER"},
			"110": {"name": "MOD_POWER_REGEN_PERCENT"},
			"111": {"name": "INTERCEPT_MELEE_RANGED_ATTACKS"},
			"112": {"name": "OVERRIDE_CLASS_SCRIPTS"},
			"113": {"name": "MOD_RANGED_DAMAGE_TAKEN"},
			"114": {"name": "MOD_RANGED_DAMAGE_TAKEN_PCT"},
			"115": {"name": "MOD_HEALING"},
			"116": {"name": "MOD_REGEN_DURING_COMBAT"},
			"117": {"name": "MOD_MECHANIC_RESISTANCE"},
			"118": {"name": "MOD_HEALING_PCT"},
			"119": {"name": "PVP_TALENTS"},
			"120": {"name": "UNTRACKABLE"},
			"121": {"name": "EMPATHY"},
			"122": {"name": "MOD_OFFHAND_DAMAGE_PCT"},
			"123": {"name": "MOD_TARGET_RESISTANCE"},
			"124": {"name": "MOD_RANGED_ATTACK_POWER"},
			"125": {"name": "MOD_MELEE_DAMAGE_TAKEN"},
			"126": {"name": "MOD_MELEE_DAMAGE_TAKEN_PCT"},
			"127": {"name": "RANGED_ATTACK_POWER_ATTACKER_BONUS"},
			"128": {"name": "MOD_POSSESS_PET"},
			"129": {"name": "MOD_SPEED_ALWAYS"},
			"130": {"name": "MOD_MOUNTED_SPEED_ALWAYS"},
			"131": {"name": "MOD_RANGED_ATTACK_POWER_VERSUS"},
			"132": {"name": "MOD_INCREASE_ENERGY_PERCENT"},
			"133": {"name": "MOD_INCREASE_HEALTH_PERCENT"},
			"134": {"name": "MOD_MANA_REGEN_INTERRUPT"},
			"135": {"name": "MOD_HEALING_DONE"},
			"136": {"name": "MOD_HEALING_DONE_PERCENT"},
			"137": {"name": "MOD_TOTAL_STAT_PERCENTAGE"},
			"138": {"name": "MOD_MELEE_HASTE"},
			"139": {"name": "FORCE_REACTION"},
			"140": {"name": "MOD_RANGED_HASTE"},
			"141": {"name": "UNK_141"},
			"142": {"name": "MOD_BASE_RESISTANCE_PCT"},
			"143": {"name": "MOD_RECOVERY_RATE"},
			"144": {"name": "SAFE_FALL"},
			"145": {"name": "MOD_PET_TALENT_POINTS"},
			"146": {"name": "ALLOW_TAME_PET_TYPE"},
			"147": {"name": "MECHANIC_IMMUNITY_MASK"},
			"148": {"name": "RETAIN_COMBO_POINTS"},
			"149": {"name": "REDUCE_PUSHBACK"},
			"150": {"name": "MOD_SHIELD_BLOCKVALUE_PCT"},
			"151": {"name": "TRACK_STEALTHED"},
			"152": {"name": "MOD_DETECTED_RANGE"},
			"153": {"name": "UNK_153"},
			"154": {"name": "MOD_STEALTH_LEVEL"},
			"155": {"name": "MOD_WATER_BREATHING"},
			"156": {"name": "MOD_REPUTATION_GAIN"},
			"157": {"name": "PET_DAMAGE_MULTI"},
			"158": {"name": "ALLOW_TALENT_SWAPPING"},
			"159": {"name": "NO_PVP_CREDIT"},
			"160": {"name": "UNK_160"},
			"161": {"name": "MOD_HEALTH_REGEN_IN_COMBAT"},
			"162": {"name": "POWER_BURN"},
			"163": {"name": "MOD_CRIT_DAMAGE_BONUS"},
			"164": {"name": "UNK_164"},
			"165": {"name": "MELEE_ATTACK_POWER_ATTACKER_BONUS"},
			"166": {"name": "MOD_ATTACK_POWER_PCT"},
			"167": {"name": "MOD_RANGED_ATTACK_POWER_PCT"},
			"168": {"name": "MOD_DAMAGE_DONE_VERSUS"},
			"169": {"name": "UNK_169"},
			"170": {"name": "DETECT_AMORE"},
			"171": {"name": "MOD_SPEED_NOT_STACK"},
			"172": {"name": "MOD_MOUNTED_SPEED_NOT_STACK"},
			"173": {"name": "MOD_RECOVERY_RATE_2"},
			"174": {"name": "MOD_SPELL_DAMAGE_OF_STAT_PERCENT"},
			"175": {"name": "MOD_SPELL_HEALING_OF_STAT_PERCENT"},
			"176": {"name": "SPIRIT_OF_REDEMPTION"},
			"177": {"name": "AOE_CHARM"},
			"178": {"name": "MOD_MAX_POWER_PCT"},
			"179": {"name": "MOD_POWER_DISPLAY"},
			"180": {"name": "MOD_FLAT_SPELL_DAMAGE_VERSUS"},
			"181": {"name": "UNK_181"},
			"182": {"name": "MOD_RESISTANCE_OF_STAT_PERCENT"},
			"183": {"name": "MOD_CRITICAL_THREAT"},
			"184": {"name": "MOD_ATTACKER_MELEE_HIT_CHANCE"},
			"185": {"name": "MOD_ATTACKER_RANGED_HIT_CHANCE"},
			"186": {"name": "MOD_ATTACKER_SPELL_HIT_CHANCE"},
			"187": {"name": "MOD_ATTACKER_MELEE_CRIT_CHANCE"},
			"188": {"name": "MOD_ATTACKER_RANGED_CRIT_CHANCE"},
			"189": {"name": "MOD_RATING"},
			"190": {"name": "MOD_FACTION_REPUTATION_GAIN"},
			"191": {"name": "USE_NORMAL_MOVEMENT_SPEED"},
			"192": {"name": "MOD_MELEE_RANGED_HASTE"},
			"193": {"name": "MELEE_SLOW"},
			"194": {"name": "MOD_TARGET_ABSORB_SCHOOL"},
			"195": {"name": "MOD_TARGET_ABILITY_ABSORB_SCHOOL"},
			"196": {"name": "MOD_COOLDOWN"},
			"197": {"name": "MOD_ATTACKER_SPELL_AND_WEAPON_CRIT_CHANCE"},
			"198": {"name": "UNK_198"},
			"199": {"name": "UNK_199"},
			"200": {"name": "MOD_XP_PCT"},
			"201": {"name": "FLY"},
			"202": {"name": "IGNORE_COMBAT_RESULT"},
			"203": {"name": "PREVENT_INTERRUPT"},
			"204": {"name": "PREVENT_CORPSE_RELEASE"},
			"205": {"name": "MOD_CHARGE_COOLDOWN"},
			"206": {"name": "MOD_INCREASE_VEHICLE_FLIGHT_SPEED"},
			"207": {"name": "MOD_INCREASE_MOUNTED_FLIGHT_SPEED"},
			"208": {"name": "MOD_INCREASE_FLIGHT_SPEED"},
			"209": {"name": "MOD_MOUNTED_FLIGHT_SPEED_ALWAYS"},
			"210": {"name": "MOD_VEHICLE_SPEED_ALWAYS"},
			"211": {"name": "MOD_FLIGHT_SPEED_NOT_STACK"},
			"212": {"name": "MOD_HONOR_GAIN_PCT"},
			"213": {"name": "MOD_RAGE_FROM_DAMAGE_DEALT"},
			"214": {"name": "UNK_214"},
			"215": {"name": "ARENA_PREPARATION"},
			"216": {"name": "HASTE_SPELLS"},
			"217": {"name": "MOD_MELEE_HASTE_2"},
			"218": {"name": "UNK_218"},
			"219": {"name": "MOD_MANA_REGEN_FROM_STAT"},
			"220": {"name": "MOD_ABILITY_SCHOOL_MASK"},
			"221": {"name": "MOD_DETAUNT"},
			"222": {"name": "UNK_222"},
			"223": {"name": "UNK_223"},
			"224": {"name": "UNK_224"},
			"225": {"name": "MOD_VISIBILITY_RANGE"},
			"226": {"name": "PERIODIC_DUMMY"},
			"227": {"name": "PERIODIC_TRIGGER_SPELL_WITH_VALUE"},
			"228": {"name": "DETECT_STEALTH"},
			"229": {"name": "MOD_AOE_DAMAGE_AVOIDANCE"},
			"230": {"name": "MOD_MAX_HEALTH"},
			"231": {"name": "PROC_TRIGGER_SPELL_WITH_VALUE"},
			"232": {"name": "MECHANIC_DURATION_MOD"},
			"233": {"name": "CHANGE_MODEL_FOR_ALL_HUMANOIDS"},
			"234": {"name": "MECHANIC_DURATION_MOD_NOT_STACK"},
			"235": {"name": "MOD_DISPEL_RESIST"},
			"236": {"name": "CONTROL_VEHICLE"},
			"237": {"name": "MOD_SPELL_DAMAGE_OF_ATTACK_POWER"},
			"238": {"name": "MOD_SPELL_HEALING_OF_ATTACK_POWER"},
			"239": {"name": "MOD_SCALE_2"},
			"240": {"name": "MOD_EXPERTISE"},
			"241": {"name": "FORCE_MOVE_FORWARD"},
			"242": {"name": "MOD_SPELL_DAMAGE_FROM_HEALING"},
			"243": {"name": "MOD_FACTION"},
			"244": {"name": "COMPREHEND_LANGUAGE"},
			"245": {"name": "MOD_AURA_DURATION_BY_DISPEL"},
			"246": {"name": "MOD_AURA_DURATION_BY_DISPEL_NOT_STACK"},
			"247": {"name": "CLONE_CASTER"},
			"248": {"name": "MOD_COMBAT_RESULT_CHANCE"},
			"249": {"name": "MOD_DAMAGE_PERCENT_DONE_BY_TARGET_AURA_MECHANIC"},
			"250": {"name": "MOD_INCREASE_HEALTH_2"},
			"251": {"name": "MOD_ENEMY_DODGE"},
			"252": {"name": "MOD_SPEED_SLOW_ALL"},
			"253": {"name": "MOD_BLOCK_CRIT_CHANCE"},
			"254": {"name": "MOD_DISARM_OFFHAND"},
			"255": {"name": "MOD_MECHANIC_DAMAGE_TAKEN_PERCENT"},
			"256": {"name": "NO_REAGENT_USE"},
			"257": {"name": "MOD_TARGET_RESIST_BY_SPELL_CLASS"},
			"258": {"name": "OVERRIDE_SUMMONED_OBJECT"},
			"259": {"name": "UNK_259"},
			"260": {"name": "SCREEN_EFFECT"},
			"261": {"name": "PHASE"},
			"262": {"name": "ABILITY_IGNORE_AURASTATE"},
			"263": {"name": "ALLOW_ONLY_ABILITY"},
			"264": {"name": "UNK_264"},
			"265": {"name": "UNK_265"},
			"266": {"name": "UNK_266"},
			"267": {"name": "MOD_IMMUNE_AURA_APPLY_SCHOOL"},
			"268": {"name": "UNK_268"},
			"269": {"name": "MOD_IGNORE_TARGET_RESIST"},
			"270": {"name": "MOD_SCHOOL_MASK_DAMAGE_FROM_CASTER"},
			"271": {"name": "MOD_SPELL_DAMAGE_FROM_CASTER"},
			"272": {"name": "IGNORE_MELEE_RESET"},
			"273": {"name": "X_RAY"},
			"274": {"name": "UNK_274"},
			"275": {"name": "MOD_IGNORE_SHAPESHIFT"},
			"276": {"name": "MOD_DAMAGE_DONE_FOR_MECHANIC"},
			"277": {"name": "UNK_277"},
			"278": {"name": "MOD_DISARM_RANGED"},
			"279": {"name": "INITIALIZE_IMAGES"},
			"280": {"name": "UNK_280"},
			"281": {"name": "MOD_GUILD_REPUTATION_GAIN_PCT"},
			"282": {"name": "MOD_BASE_HEALTH_PCT"},
			"283": {"name": "MOD_HEALING_RECEIVED"},
			"284": {"name": "LINKED"},
			"285": {"name": "LINKED_2"},
			"286": {"name": "ABILITY_PERIODIC_CRIT"},
			"287": {"name": "DEFLECT_SPELLS"},
			"288": {"name": "IGNORE_HIT_DIRECTION"},
			"289": {"name": "PREVENT_DURABILITY_LOSS"},
			"290": {"name": "MOD_CRIT_PCT"},
			"291": {"name": "MOD_XP_QUEST_PCT"},
			"292": {"name": "OPEN_STABLE"},
			"293": {"name": "OVERRIDE_SPELLS"},
			"294": {"name": "PREVENT_REGENERATE_POWER"},
			"295": {"name": "UNK_295"},
			"296": {"name": "SET_VEHICLE_ID"},
			"297": {"name": "BLOCK_SPELL_FAMILY"},
			"298": {"name": "STRANGULATE"},
			"299": {"name": "UNK_299"},
			"300": {"name": "SHARE_DAMAGE_PCT"},
			"301": {"name": "SCHOOL_HEAL_ABSORB"},
			"302": {"name": "UNK_302"},
			"303": {"name": "MOD_DAMAGE_DONE_VERSUS_AURASTATE"},
			"304": {"name": "MOD_FAKE_INEBRIATE"},
			"305": {"name": "MOD_MINIMUM_SPEED"},
			"306": {"name": "UNK_306"},
			"307": {"name": "HEAL_ABSORB_TEST"},
			"308": {"name": "MOD_CRIT_CHANCE_FOR_CASTER"},
			"309": {"name": "MOD_RESILIENCE"},
			"310": {"name": "MOD_CREATURE_AOE_DAMAGE_AVOIDANCE"},
			"311": {"name": "UNK_311"},
			"312": {"name": "ANIM_REPLACEMENT_SET"},
			"313": {"name": "UNK_313"},
			"314": {"name": "PREVENT_RESURRECTION"},
			"315": {"name": "UNDERWATER_WALKING"},
			"316": {"name": "PERIODIC_HASTE"},
			"317": {"name": "MOD_SPELL_POWER_PCT"},
			"318": {"name": "MASTERY"},
			"319": {"name": "MOD_MELEE_HASTE_3"},
			"320": {"name": "MOD_RANGED_HASTE_2"},
			"321": {"name": "MOD_NO_ACTIONS"},
			"322": {"name": "INTERFERE_TARGETTING"},
			"323": {"name": "UNK_323"},
			"324": {"name": "OVERRIDE_UNLOCKED_AZERITE_ESSENCE_RANK"},
			"325": {"name": "LEARN_PVP_TALENT"},
			"326": {"name": "PHASE_GROUP"},
			"327": {"name": "UNK_327"},
			"328": {"name": "TRIGGER_SPELL_ON_POWER_PCT"},
			"329": {"name": "MOD_POWER_GAIN_PCT"},
			"330": {"name": "CAST_WHILE_WALKING"},
			"331": {"name": "FORCE_WEATHER"},
			"332": {"name": "OVERRIDE_ACTIONBAR_SPELLS"},
			"333": {"name": "OVERRIDE_ACTIONBAR_SPELLS_TRIGGERED"},
			"334": {"name": "MOD_BLIND"},
			"335": {"name": "UNK_335"},
			"336": {"name": "MOUNT_RESTRICTIONS"},
			"337": {"name": "MOD_VENDOR_ITEMS_PRICES"},
			"338": {"name": "MOD_DURABILITY_LOSS"},
			"339": {"name": "INCREASE_SKILL_GAIN_CHANCE"},
			"340": {"name": "MOD_RESURRECTED_HEALTH_BY_GUILD_MEMBER"},
			"341": {"name": "MOD_SPELL_CATEGORY_COOLDOWN"},
			"342": {"name": "MOD_MELEE_RANGED_HASTE_2"},
			"343": {"name": "MOD_MELEE_DAMAGE_FROM_CASTER"},
			"344": {"name": "MOD_AUTOATTACK_DAMAGE"},
			"345": {"name": "BYPASS_ARMOR_FOR_CASTER"},
			"346": {"name": "ENABLE_ALT_POWER"},
			"347": {"name": "MOD_SPELL_COOLDOWN_BY_HASTE"},
			"348": {"name": "MOD_MONEY_GAIN"},
			"349": {"name": "MOD_CURRENCY_GAIN"},
			"350": {"name": "MOD_GATHERING_ITEMS_GAINED_PERCENT"},
			"351": {"name": "UNK_351"},
			"352": {"name": "UNK_352"},
			"353": {"name": "MOD_CAMOUFLAGE"},
			"354": {"name": "UNK_354"},
			"355": {"name": "MOD_CASTING_SPEED"},
			"356": {"name": "UNK_356"},
			"357": {"name": "ENABLE_BOSS1_UNIT_FRAME"},
			"358": {"name": "WORGEN_ALTERED_FORM"},
			"359": {"name": "UNK_359"},
			"360": {"name": "PROC_TRIGGER_SPELL_COPY"},
			"361": {"name": "OVERRIDE_AUTOATTACK_WITH_MELEE_SPELL"},
			"362": {"name": "UNK_362"},
			"363": {"name": "MOD_NEXT_SPELL"},
			"364": {"name": "UNK_364"},
			"365": {"name": "MAX_FAR_CLIP_PLANE"},
			"366": {"name": "OVERRIDE_SPELL_POWER_BY_AP_PCT"},
			"367": {"name": "OVERRIDE_AUTOATTACK_WITH_RANGED_SPELL"},
			"368": {"name": "UNK_368"},
			"369": {"name": "ENABLE_POWER_BAR_TIMER"},
			"370": {"name": "SET_FAIR_FAR_CLIP"},
			"371": {"name": "UNK_371"},
			"372": {"name": "UNK_372"},
			"373": {"name": "MOD_SPEED_NO_CONTROL"},
			"374": {"name": "MODIFY_FALL_DAMAGE_PCT"},
			"375": {"name": "UNK_375"},
			"376": {"name": "MOD_CURRENCY_GAIN_FROM_SOURCE"},
			"377": {"name": "CAST_WHILE_WALKING_2"},
			"378": {"name": "UNK_378"},
			"379": {"name": "MOD_MANA_REGEN_PCT"},
			"380": {"name": "MOD_GLOBAL_COOLDOWN_BY_HASTE"},
			"381": {"name": "UNK_381"},
			"382": {"name": "MOD_PET_STAT_PCT"},
			"383": {"name": "IGNORE_SPELL_COOLDOWN"},
			"384": {"name": "UNK_384"},
			"385": {"name": "CHANCE_OVERRIDE_AUTOATTACK_WITH_SPELL_ON_SELF"},
			"386": {"name": "UNK_386"},
			"387": {"name": "UNK_387"},
			"388": {"name": "MOD_TAXI_FLIGHT_SPEED"},
			"389": {"name": "UNK_389"},
			"390": {"name": "UNK_390"},
			"391": {"name": "UNK_391"},
			"392": {"name": "UNK_392"},
			"393": {"name": "UNK_393"},
			"394": {"name": "SHOW_CONFIRMATION_PROMPT"},
			"395": {"name": "AREA_TRIGGER"},
			"396": {"name": "TRIGGER_SPELL_ON_POWER_AMOUNT"},
			"397": {"name": "UNK_397"},
			"398": {"name": "UNK_398"},
			"399": {"name": "UNK_399"},
			"400": {"name": "MOD_SKILL_2"},
			"401": {"name": "UNK_401"},
			"402": {"name": "MOD_OVERRIDE_POWER_DISPLAY"},
			"403": {"name": "OVERRIDE_SPELL_VISUAL"},
			"404": {"name": "OVERRIDE_ATTACK_POWER_BY_SP_PCT"},
			"405": {"name": "MOD_RATING_PCT"},
			"406": {"name": "KEYBOUND_OVERRIDE"},
			"407": {"name": "MOD_FEAR_2"},
			"408": {"name": "UNK_408"},
			"409": {"name": "CAN_TURN_WHILE_FALLING"},
			"410": {"name": "UNK_410"},
			"411": {"name": "MOD_MAX_CHARGES"},
			"412": {"name": "UNK_412"},
			"413": {"name": "UNK_413"},
			"414": {"name": "UNK_414"},
			"415": {"name": "UNK_415"},
			"416": {"name": "MOD_COOLDOWN_BY_HASTE_REGEN"},
			"417": {"name": "MOD_GLOBAL_COOLDOWN_BY_HASTE_REGEN"},
			"418": {"name": "MOD_MAX_POWER"},
			"419": {"name": "MOD_BASE_MANA_PCT"},
			"420": {"name": "MOD_BATTLE_PET_XP_PCT"},
			"421": {"name": "MOD_ABSORB_EFFECTS_DONE_PCT"},
			"422": {"name": "MOD_ABSORB_EFFECTS_TAKEN_PCT"},
			"423": {"name": "UNK_423"},
			"424": {"name": "UNK_424"},
			"425": {"name": "UNK_425"},
			"426": {"name": "UNK_426"},
			"427": {"name": "SCALE_PLAYER_LEVEL"},
			"428": {"name": "LINKED_SUMMON"},
			"429": {"name": "UNK_429"},
			"430": {"name": "PLAY_SCENE"},
			"431": {"name": "MOD_OVERRIDE_ZONE_PVP_TYPE"},
			"432": {"name": "UNK_432"},
			"433": {"name": "UNK_433"},
			"434": {"name": "UNK_434"},
			"435": {"name": "UNK_435"},
			"436": {"name": "MOD_ENVIRONMENTAL_DAMAGE_TAKEN"},
			"437": {"name": "MOD_MINIMUM_SPEED_RATE"},
			"438": {"name": "PRELOAD_PHASE"},
			"439": {"name": "UNK_439"},
			"440": {"name": "MOD_MULTISTRIKE_DAMAGE"},
			"441": {"name": "MOD_MULTISTRIKE_CHANCE"},
			"442": {"name": "MOD_READINESS"},
			"443": {"name": "MOD_LEECH"},
			"444": {"name": "UNK_444"},
			"445": {"name": "UNK_445"},
			"446": {"name": "UNK_446"},
			"447": {"name": "MOD_XP_FROM_CREATURE_TYPE"},
			"448": {"name": "UNK_448"},
			"449": {"name": "UNK_449"},
			"450": {"name": "UNK_450"},
			"451": {"name": "OVERRIDE_PET_SPECS"},
			"452": {"name": "UNK_452"},
			"453": {"name": "CHARGE_RECOVERY_MOD"},
			"454": {"name": "CHARGE_RECOVERY_MULTIPLIER"},
			"455": {"name": "MOD_ROOT_2"},
			"456": {"name": "CHARGE_RECOVERY_AFFECTED_BY_HASTE"},
			"457": {"name": "CHARGE_RECOVERY_AFFECTED_BY_HASTE_REGEN"},
			"458": {"name": "IGNORE_DUAL_WIELD_HIT_PENALTY"},
			"459": {"name": "IGNORE_MOVEMENT_FORCES"},
			"460": {"name": "RESET_COOLDOWNS_ON_DUEL_START"},
			"461": {"name": "UNK_461"},
			"462": {"name": "MOD_HEALING_AND_ABSORB_FROM_CASTER"},
			"463": {"name": "CONVERT_CRIT_RATING_PCT_TO_PARRY_RATING"},
			"464": {"name": "MOD_ATTACK_POWER_OF_BONUS_ARMOR"},
			"465": {"name": "MOD_BONUS_ARMOR"},
			"466": {"name": "MOD_BONUS_ARMOR_PCT"},
			"467": {"name": "MOD_STAT_BONUS_PCT"},
			"468": {"name": "TRIGGER_SPELL_ON_HEALTH_PCT"},
			"469": {"name": "SHOW_CONFIRMATION_PROMPT_WITH_DIFFICULTY"},
			"470": {"name": "UNK_470"},
			"471": {"name": "MOD_VERSATILITY"},
			"472": {"name": "UNK_472"},
			"473": {"name": "PREVENT_DURABILITY_LOSS_FROM_COMBAT"},
			"474": {"name": "UNK_474"},
			"475": {"name": "ALLOW_USING_GAMEOBJECTS_WHILE_MOUNTED"},
			"476": {"name": "MOD_CURRENCY_GAIN_LOOTED"},
			"477": {"name": "UNK_477"},
			"478": {"name": "UNK_478"},
			"479": {"name": "UNK_479"},
			"480": {"name": "MOD_ARTIFACT_ITEM_LEVEL"},
			"481": {"name": "CONVERT_CONSUMED_RUNE"},
			"482": {"name": "UNK_482"},
			"483": {"name": "SUPPRESS_TRANSFORMS"},
			"484": {"name": "UNK_484"},
			"485": {"name": "MOD_MOVEMENT_FORCE_MAGNITUDE"},
			"486": {"name": "UNK_486"},
			"487": {"name": "UNK_487"},
			"488": {"name": "UNK_488"},
			"489": {"name": "MOD_ALTERNATIVE_DEFAULT_LANGUAGE"},
			"490": {"name": "UNK_490"},
			"491": {"name": "UNK_491"},
			"492": {"name": "UNK_492"},
			"493": {"name": "UNK_493"},
			"494": {"name": "SET_POWER_POINT_CHARGE"},
			"495": {"name": "TRIGGER_SPELL_ON_EXPIRE"},
			"496": {"name": "ALLOW_CHANGING_EQUIPMENT_IN_TORGHAST"},
			"497": {"name": "MOD_ANIMA_GAIN"},
			"498": {"name": "CURRENCY_LOSS_PCT_ON_DEATH"},
			"499": {"name": "MOD_RESTED_XP_CONSUMPTION"},
			"500": {"name": "IGNORE_SPELL_CHARGE_COOLDOWN"},
			"501": {"name": "MOD_CRITICAL_DAMAGE_TAKEN_FROM_CASTER"},
			"502": {"name": "MOD_VERSATILITY_DAMAGE_DONE_BENEFIT"},
			"503": {"name": "MOD_VERSATILITY_HEALING_DONE_BENEFIT"}
		}
	},
	"AuraPositivityParameter": {
		"values": {
			"0": "Only negative",
			"1": "Only positive"
		}
	}
}
