<?xml version="1.0"?>
<SyntaxDefinition name="Packet filter (light)" extensions=".cs" xmlns="http://icsharpcode.net/sharpdevelop/syntaxdefinition/2008">
    <Color name="String" foreground="Blue" exampleText="string text = &quot;Hello, World!&quot;"/>
    <Color name="PacketKeyword" fontWeight="bold" exampleText="this.Do(); base.Do();"/>
    <Color name="OperatorKeywords" fontWeight="bold" foreground="DarkCyan" exampleText="if (x is int) { a = x as int; type = typeof(int); size = sizeof(int); c = new object(); }"/>
    <Color name="PacketName" foreground="SaddleBrown" exampleText="int Prop { get; set; }"/>
    <Color name="MethodCall" foreground="MidnightBlue" fontWeight="bold" exampleText="o.ToString();"/>
    <Color name="NumberLiteral" foreground="DarkBlue" exampleText="3.1415f"/>
    <Color name="Punctuation" exampleText="a(b.c);" />
    <Color name="TrueFalse" fontWeight="bold" foreground="DarkCyan" exampleText="b = false; a = true;" />

    <!-- This is the main ruleset. -->
    <RuleSet>
        <Span color="String">
            <Begin>"</Begin>
            <End>"</End>
            <RuleSet>
                <!-- span for escape sequences -->
                <Span begin="\\" end="."/>
            </RuleSet>
        </Span>

        <Span color="String">
            <Begin>'</Begin>
            <End>'</End>
            <RuleSet>
                <!-- span for escape sequences -->
                <Span begin="\\" end="."/>
            </RuleSet>
        </Span>

        <Keywords color="PacketKeyword">
            <Word>packet</Word>
        </Keywords>
        
        <Keywords color="OperatorKeywords">
            <Word>or</Word>
            <Word>and</Word>
            <Word>in</Word>
            <Word>||</Word>
            <Word>&amp;&amp;</Word>
        </Keywords>

        <Keywords color="TrueFalse">
            <Word>true</Word>
            <Word>false</Word>
        </Keywords>
        
        <Rule color="PacketName">
            SMSG\.[A-Z_]+
        </Rule>

        <Rule color="PacketName">
            CMSG\.[A-Z_]+
        </Rule>
        
        <!-- Mark previous rule-->
        <Rule color="MethodCall">
            \b
            [\d\w_]+  # an identifier
            (?=\s*\() # followed by (
        </Rule>

        <!-- Digits -->
        <Rule color="NumberLiteral">
            \b0[xX][0-9a-fA-F]+  # hex number
            |
            (	\b\d+(\.[0-9]+)?   #number with optional floating point
            |	\.[0-9]+           #or just starting with floating point
            )
            ([eE][+-]?[0-9]+)? # optional exponent
        </Rule>

        <Rule color="Punctuation">
            [?,.;()\[\]{}+\-/%*&lt;&gt;^+~!|&amp;]+
        </Rule>
    </RuleSet>
</SyntaxDefinition>