[
    {
        "name": "Script",
        "group_members": [
            "SMART_ACTION_META_WAIT",
            "SMART_ACTION_META_COMMENT",
            "SMART_ACTION_META_BEGIN_ACTIONLIST",
            "SMART_ACTION_META_AFTER",
            "SMART_ACTION_META_AFTER_MOVEMENT"
        ]
    },
    {
        "name": "Talk; sounds",
        "group_members": [
            "SMART_ACTION_TALK",
            "SMART_ACTION_SIMPLE_TALK",
            "SMART_ACTION_PLAY_EMOTE",
            "SMART_ACTION_RANDOM_EMOTE",
            "SMART_ACTION_SET_EMOTE_STATE",
            "SMART_ACTION_SOUND",
            "SMART_ACTION_PLAYMOVIE",
            "SMART_ACTION_RANDOM_SOUND",
            "SMART_ACTION_MUSIC_AC",
            "SMART_ACTION_RANDOM_MUSIC_AC",
            "SMART_ACTION_PLAYER_TALK_AC",
            "SMART_ACTION_CREATE_CONVERSATION"
        ]
    },
    {
        "name": "Quest",
        "group_members": [
            "SMART_ACTION_FAIL_QUEST",
            "SMART_ACTION_OFFER_QUEST",
            "SMART_ACTION_CALL_KILLEDMONSTER",
            "SMART_ACTION_CALL_AREAEXPLOREDOREVENTHAPPENS",
            "SMART_ACTION_CALL_GROUPEVENTHAPPENS",
            "SMART_ACTION_CALL_GROUPEVENTHAPPENS_AC"
        ]
    },
    {
        "name": "Spells",
        "group_members": [
            "SMART_ACTION_CAST",
            "SMART_ACTION_INVOKER_CAST",
            "SMART_ACTION_CROSS_CAST",
            "SMART_ACTION_SELF_CAST",
            "SMART_ACTION_ADD_AURA",
            "SMART_ACTION_REMOVEAURASFROMSPELL",
            "SMART_ACTION_INTERRUPT_SPELL",
            "SMART_ACTION_REMOVE_AURAS_BY_TYPE",
            "SMART_ACTION_PLAY_SPELL_VISUAL_KIT",
            "SMART_ACTION_CUSTOM_CAST_AC",
            "SMART_ACTION_CU_ENCOUNTER_START_AC"
        ]
    },
    {
        "name": "Movement",
        "group_members": [
            "SMART_ACTION_EVADE",
            "SMART_ACTION_EVADE_AC",
            "SMART_ACTION_FOLLOW",
            "SMART_ACTION_MOVE_TO_POS",
            "SMART_ACTION_MOVE_TO_POS_TARGET_AC",
            "SMART_ACTION_JUMP_TO_POS",
            "SMART_ACTION_RANDOM_MOVE",
            "SMART_ACTION_FLEE_FOR_ASSIST",
            "SMART_ACTION_WP_START",
            "SMART_ACTION_WP_START_TC_WRATH",
            "SMART_ACTION_WP_PAUSE",
            "SMART_ACTION_WP_RESUME",
            "SMART_ACTION_WP_STOP",
            "SMART_ACTION_FALL_AC",
            "SMART_ACTION_STOP_MOTION_AC",
            "SMART_ACTION_SET_ORIENTATION",
            "SMART_ACTION_SET_ORIENTATION_AC",
            "SMART_ACTION_ALLOW_COMBAT_MOVEMENT",
            "SMART_ACTION_SET_RUN",
            "SMART_ACTION_SET_RUN_AC",
            "SMART_ACTION_SET_DISABLE_GRAVITY",
            "SMART_ACTION_SET_FLY_AC",
            "SMART_ACTION_SET_SWIM",
            "SMART_ACTION_MOVE_FORWARD_AC",
            "SMART_ACTION_TELEPORT",
            "SMART_ACTION_SET_RANGED_MOVEMENT",
            "SMART_ACTION_ACTIVATE_TAXI",
            "SMART_ACTION_START_CLOSEST_WAYPOINT",
            "SMART_ACTION_MOVE_OFFSET",
            "SMART_ACTION_RISE_UP",
            "SMART_ACTION_SET_CAN_FLY",
            "SMART_ACTION_FLEE",
            "SMART_ACTION_STOP_MOTION",
            "SMART_ACTION_PAUSE_MOVEMENT",
            "SMART_ACTION_SET_MOVEMENT_SPEED",
            "SMART_ACTION_SET_UNIT_MOVEMENT_FLAGS_AC"
        ]
    },
    {
        "name": "Template",
        "group_members": [
            "SMART_ACTION_UPDATE_TEMPLATE",
            "SMART_ACTION_SET_FACTION",
            "SMART_ACTION_MORPH_TO_ENTRY_OR_MODEL",
            "SMART_ACTION_SET_IMMUNE_PC",
            "SMART_ACTION_SET_IMMUNE_NPC",
            "SMART_ACTION_SET_UNINTERACTIBLE",
            "SMART_ACTION_SET_UNIT_FLAG",
            "SMART_ACTION_REMOVE_UNIT_FLAG",
            "SMART_ACTION_SET_NPC_FLAG",
            "SMART_ACTION_ADD_NPC_FLAG",
            "SMART_ACTION_REMOVE_NPC_FLAG",
            "SMART_ACTION_SET_UNIT_FIELD_BYTES_1",
            "SMART_ACTION_REMOVE_UNIT_FIELD_BYTES_1",
            "SMART_ACTION_SET_DYNAMIC_FLAG",
            "SMART_ACTION_ADD_DYNAMIC_FLAG",
            "SMART_ACTION_REMOVE_DYNAMIC_FLAG",
            "SMART_ACTION_SET_GO_FLAG"
        ]
    },
    {
        "name": "Events",
        "group_members": [
            "SMART_ACTION_RANDOM_PHASE",
            "SMART_ACTION_RANDOM_PHASE_RANGE",
            "SMART_ACTION_SET_EVENT_PHASE",
            "SMART_ACTION_INC_EVENT_PHASE",
            "SMART_ACTION_TRIGGER_RANDOM_TIMED_EVENT"
        ]
    },
    {
        "name": "Gossip",
        "group_members": [
            "SMART_ACTION_CLOSE_GOSSIP",
            "SMART_ACTION_SEND_GOSSIP_MENU"
        ]
    },
    {
        "name": "Item",
        "group_members": [
            "SMART_ACTION_ADD_ITEM",
            "SMART_ACTION_REMOVE_ITEM",
            "SMART_ACTION_EQUIP"
        ]
    },
    {
        "name": "Timed events",
        "group_members": [
            "SMART_ACTION_CREATE_TIMED_EVENT",
            "SMART_ACTION_TRIGGER_TIMED_EVENT",
            "SMART_ACTION_REMOVE_TIMED_EVENT",
            "SMART_ACTION_META_REPEAT_CURRENT_ACTIONLIST",
            "SMART_ACTION_CALL_TIMED_ACTIONLIST",
            "SMART_ACTION_CALL_RANDOM_TIMED_ACTIONLIST",
            "SMART_ACTION_CALL_RANDOM_RANGE_TIMED_ACTIONLIST"
        ]
    },
    {
        "name": "Summon",
        "group_members": [
            "SMART_ACTION_SUMMON_CREATURE",
            "SMART_ACTION_SUMMON_CREATURE_TC_MASTER",
            "SMART_ACTION_SUMMON_CREATURE_TC_WRATH",
            "SMART_ACTION_SUMMON_GO",
            "SMART_ACTION_SUMMON_CREATURE_GROUP",
            "SMART_ACTION_BECOME_PERSONAL_CLONE_FOR_PLAYER",
            "SMART_ACTION_CONE_SUMMON_AC",
            "SMART_ACTION_VORTEX_SUMMON_AC"
        ]
    },
    {
        "name": "Threat",
        "group_members": [
            "SMART_ACTION_THREAT_SINGLE_PCT",
            "SMART_ACTION_THREAT_ALL_PCT",
            "SMART_ACTION_ADD_THREAT"
        ]
    },
    {
        "name": "Instance",
        "group_members": [
            "SMART_ACTION_SET_INST_DATA",
            "SMART_ACTION_SET_INST_DATA64"
        ]
    },
    {
        "name": "Attack & death",
        "group_members": [
            "SMART_ACTION_DIE",
            "SMART_ACTION_AUTO_ATTACK",
            "SMART_ACTION_ATTACK_START",
            "SMART_ACTION_ATTACK_STOP",
            "SMART_ACTION_KILL_UNIT",
            "SMART_ACTION_CALL_FOR_HELP_335_CATA",
            "SMART_ACTION_CALL_FOR_HELP",
            "SMART_ACTION_SET_IN_COMBAT_WITH_ZONE",
            "SMART_ACTION_SET_IN_COMBAT_WITH_ZONE_335_CATA"
        ]
    },
    {
        "name": "Phase",
        "group_members": [
            "SMART_ACTION_SET_INGAME_PHASE_ID",
            "SMART_ACTION_SET_INGAME_PHASE_GROUP",
            "SMART_ACTION_SET_INGAME_PHASE_MASK"
        ]
    },
    {
        "name": "Unit",
        "group_members": [
            "SMART_ACTION_EXIT_VEHICLE_AC",
            "SMART_ACTION_SET_REACT_STATE",
            "SMART_ACTION_SET_ROOT",
            "SMART_ACTION_SET_SHEATH",
            "SMART_ACTION_SET_VISIBILITY",
            "SMART_ACTION_SET_ACTIVE",
            "SMART_ACTION_SET_HOVER",
            "SMART_ACTION_SET_HOVER_AC",
            "SMART_ACTION_FORCE_DESPAWN",
            "SMART_ACTION_MOUNT_TO_ENTRY_OR_MODEL",
            "SMART_ACTION_SET_CORPSE_DELAY",
            "SMART_ACTION_DISABLE_EVADE",
            "SMART_ACTION_LOAD_EQUIPMENT",
            "SMART_ACTION_RESPAWN_BY_SPAWNID",
            "SMART_ACTION_DESPAWN_SPAWNGROUP",
            "SMART_ACTION_SPAWN_SPAWNGROUP",
            "SMART_ACTION_SET_COMBAT_DISTANCE_AC",
            "SMART_ACTION_SET_CASTER_COMBAT_DIST_AC",
            "SMART_ACTION_ADD_IMMUNITY_AC",
            "SMART_ACTION_REMOVE_IMMUNITY_AC",
            "SMART_ACTION_NO_ENVIRONMENT_UPDATE_AC",
            "SMART_ACTION_RESPAWN_TARGET",
            "SMART_ACTION_ENABLE_TEMP_GOBJ",
            "SMART_ACTION_SET_HOME_POS",
            "SMART_ACTION_COMBAT_STOP"
        ]
    },
    {
        "name": "Interact with other units",
        "group_members": [
            "SMART_ACTION_STORE_TARGET_LIST",
            "SMART_ACTION_ADD_TO_STORED_TARGET_LIST",
            "SMART_ACTION_SET_DATA",
            "SMART_ACTION_SEND_TARGET_TO_TARGET",
            "SMART_ACTION_SET_COUNTER",
            "SMART_ACTION_PLAY_ANIMKIT"
        ]
    },
    {
        "name": "Health",
        "group_members": [
            "SMART_ACTION_SET_HEALTH_REGEN",
            "SMART_ACTION_SET_INVINCIBILITY_HP_LEVEL",
            "SMART_ACTION_SET_HEALTH_PCT"
        ]
    },
    {
        "name": "Gameobject",
        "group_members": [
            "SMART_ACTION_ACTIVATE_GAMEOBJECT",
            "SMART_ACTION_ACTIVATE_GOBJECT",
            "SMART_ACTION_SET_GO_STATE_AC",
            "SMART_ACTION_ADD_GO_FLAG",
            "SMART_ACTION_REMOVE_GO_FLAG",
            "SMART_ACTION_SEND_GO_CUSTOM_ANIM",
            "SMART_ACTION_GO_SET_LOOT_STATE",
            "SMART_ACTION_RESET_GOBJECT"
        ]
    },
    {
        "name": "Powers",
        "group_members": [
            "SMART_ACTION_SET_POWER",
            "SMART_ACTION_ADD_POWER",
            "SMART_ACTION_REMOVE_POWER"
        ]
    },
    {
        "name": "Game events",
        "group_members": [
            "SMART_ACTION_GAME_EVENT_START",
            "SMART_ACTION_GAME_EVENT_STOP"
        ]
    },
    {
        "name": "Miscellaneous",
        "group_members": [
            "SMART_ACTION_ZONE_UNDER_ATTACK_AC",
            "SMART_ACTION_LOAD_GRID_AC",
            "SMART_ACTION_SET_EVENT_FLAG_RESET_AC",
            "SMART_ACTION_OVERRIDE_SCRIPT_BASE_OBJECT",
            "SMART_ACTION_RESET_SCRIPT_BASE_OBJECT",
            "SMART_ACTION_CALL_SCRIPT_RESET",
            "SMART_ACTION_INSTALL_AI_TEMPLATE",
            "SMART_ACTION_GO_SET_GO_STATE",
            "SMART_ACTION_SET_SIGHT_DIST",
            "SMART_ACTION_REMOVE_ALL_GAMEOBJECTS",
            "SMART_ACTION_NONE",
            "SMART_ACTION_PLAY_CINEMATIC",
            "SMART_ACTION_OVERRIDE_LIGHT",
            "SMART_ACTION_OVERRIDE_WEATHER",
            "SMART_ACTION_TRIGGER_GAME_EVENT"
        ]
    },
    {
        "name": "Scenes",
        "group_members": [
            "SMART_ACTION_SCENE_PLAY",
            "SMART_ACTION_SCENE_CANCEL"
        ]
    }
]