[
    {
        "name": "Script",
        "group_members": [
            "CONDITION_NONE",
            "CONDITION_LOGICAL_OR"
        ]
    },
    {
        "name": "Quest",
        "group_members": [
            "CONDITION_QUESTREWARDED",
            "CONDITION_QUESTTAKEN",
            "CONDITION_QUEST_COMPLETE",
            "CONDITION_QUEST_NONE",
            "CONDITION_DAILY_QUEST_DONE",
            "CONDITION_QUESTSTATE",
            "CONDITION_QUEST_OBJECTIVE_PROGRESS",
            "CONDITION_QUEST_OBJECTIVE_COMPLETE"
        ]
    },
    {
        "name": "Map and area",
        "group_members": [
            "CONDITION_MAPID",
            "CONDITION_AREAID",
            "CONDITION_ZONEID",
            "CONDITION_TERRAIN_SWAP",
            "CONDITION_DIFFICULTY_ID",
            "CONDITION_SCENARIO_STEP"
        ]
    },
    {
        "name": "Unit",
        "group_members": [
            "CONDITION_CLASS",
            "CONDITION_RACE",
            "CONDITION_LEVEL",
            "CONDITION_UNIT_STATE",
            "CONDITION_TYPE_MASK",
            "CONDITION_OBJECT_ENTRY_GUID",
            "CONDITION_OBJECT_ENTRY_GUID_MASTER",
            "CONDITION_TYPE_MASK_MASTER",
            "CONDITION_CREATURE_FAMILY",
            "CONDITION_CREATURE_TYPE",
            "CONDITION_STAND_STATE",
            "CONDITION_CHARMED",
            "CONDITION_PRIVATE_OBJECT",
            "CONDITION_STRING_ID"
        ]
    },
    {
        "name": "World",
        "group_members": [
            "CONDITION_WORLD_STATE",
            "CONDITION_ACTIVE_EVENT",
            "CONDITION_INSTANCE_INFO",
            "CONDITION_SCENARIO_STEP"
        ]
    },
    {
        "name": "Auras",
        "group_members": [
            "CONDITION_AURA"
        ]
    },
    {
        "name": "Player",
        "group_members": [
            "CONDITION_ACHIEVEMENT",
            "CONDITION_TITLE",
            "CONDITION_ITEM",
            "CONDITION_ITEM_EQUIPPED",
            "CONDITION_REPUTATION_RANK",
            "CONDITION_TEAM",
            "CONDITION_GENDER",
            "CONDITION_SKILL",
            "CONDITION_DRUNKENSTATE",
            "CONDITION_SPELL",
            "CONDITION_PET_TYPE",
            "CONDITION_TAXI",
            "CONDITION_GAMEMASTER",
            "CONDITION_PLAYER_CONDITION"
        ]
    },
    {
        "name": "Distance",
        "group_members": [
            "CONDITION_NEAR_CREATURE",
            "CONDITION_NEAR_GAMEOBJECT",
            "CONDITION_DISTANCE_TO"
        ]
    },
    {
        "name": "HP",
        "group_members": [
            "CONDITION_ALIVE",
            "CONDITION_HP_VAL",
            "CONDITION_HP_PCT"
        ]
    },
    {
        "name": "Misc",
        "group_members": [
            "CONDITION_SPAWNMASK",
            "CONDITION_PHASEID",
            "CONDITION_RELATION_TO",
            "CONDITION_REACTION_TO"
        ]
    },
    {
        "name":"Scene",
        "group_members":[
            "CONDITION_SCENE_IN_PROGRESS"
        ]
    }
]