[
    {
        "name": "On Update",
        "group_members": [
            "SMART_EVENT_UPDATE",
            "SMART_EVENT_UPDATE_IC",
            "SMART_EVENT_UPDATE_OOC"
        ]
    },
    {
        "name": "Self",
        "group_members": [
            "SMART_EVENT_AI_INIT",
            "SMART_EVENT_JUST_CREATED",
            "SMART_EVENT_JUST_SUMMONED",
            "SMART_EVENT_RESET",
            "SMART_EVENT_RESPAWN",
            "SMART_EVENT_AGGRO",
            "SMART_EVENT_KILL",
            "SMART_EVENT_DEATH",
            "SMART_EVENT_CORPSE_REMOVED",
            "SMART_EVENT_EVADE",
            "SMART_EVENT_ACTION_DONE",
            "SMART_EVENT_FRIENDLY_IS_CC"
        ]
    },
    {
        "name": "Quest",
        "group_members": [
            "SMART_EVENT_ACCEPTED_QUEST",
            "SMART_EVENT_REWARD_QUEST",
            "SMART_EVENT_QUEST_ACCEPTED",
            "SMART_EVENT_QUEST_OBJ_COPLETETION",
            "SMART_EVENT_QUEST_COMPLETION",
            "SMART_EVENT_QUEST_REWARDED",
            "SMART_EVENT_QUEST_FAIL"
        ]
    },
    {
        "name": "Movement",
        "group_members": [
            "SMART_EVENT_MOVEMENTINFORM",
            "SMART_EVENT_WAYPOINT_START",
            "SMART_EVENT_WAYPOINT_REACHED",
            "SMART_EVENT_WAYPOINT_PAUSED",
            "SMART_EVENT_WAYPOINT_RESUMED",
            "SMART_EVENT_WAYPOINT_STOPPED",
            "SMART_EVENT_WAYPOINT_ENDED",
            "SMART_EVENT_REACHED_HOME",
            "SMART_EVENT_FOLLOW_COMPLETED"
        ]
    },
    {
        "name": "Spells",
        "group_members": [
            "SMART_EVENT_SPELLHIT",
            "SMART_EVENT_SPELLHIT_TARGET",
            "SMART_EVENT_ON_SPELLCLICK",
            "SMART_EVENT_HAS_AURA",
            "SMART_EVENT_TARGET_BUFFED",
            "SMART_EVENT_VICTIM_CASTING",
            "SMART_EVENT_FRIENDLY_MISSING_BUFF",
            "SMART_EVENT_FRIENDLY_MISSING_BUFF_AC",
            "SMART_EVENT_DUMMY_EFFECT",
            "SMART_EVENT_ON_SPELL_START",
            "SMART_EVENT_ON_SPELL_FAILED",
            "SMART_EVENT_ON_SPELL_CAST"
        ]
    },
    {
        "name": "Summons",
        "group_members": [
            "SMART_EVENT_SUMMONED_UNIT",
            "SMART_EVENT_SUMMON_DESPAWNED",
            "SMART_EVENT_SUMMONED_UNIT_DIES"
        ]
    },
    {
        "name": "Damage",
        "group_members": [
            "SMART_EVENT_DAMAGED",
            "SMART_EVENT_DAMAGED_TARGET",
            "SMART_EVENT_CHARMED",
            "SMART_EVENT_CHARMED_TARGET"
        ]
    },
    {
        "name": "Gossip",
        "group_members": [
            "SMART_EVENT_GOSSIP_SELECT",
            "SMART_EVENT_GOSSIP_HELLO",
            "SMART_EVENT_GOSSIP_HELLO_TC_WRATH"
        ]
    },
    {
        "name": "Texts",
        "group_members": [
            "SMART_EVENT_RECEIVE_EMOTE",
            "SMART_EVENT_TEXT_OVER"
        ]
    },
    {
        "name": "Line of sight",
        "group_members": [
            "SMART_EVENT_RANGE",
            "SMART_EVENT_RANGE_AC",
            "SMART_EVENT_OOC_LOS",
            "SMART_EVENT_IC_LOS",
            "SMART_EVENT_OOC_LOS_AC",
            "SMART_EVENT_IC_LOS_AC"
        ]
    },
    {
        "name": "Vehicle",
        "group_members": [
            "SMART_EVENT_PASSENGER_BOARDED",
            "SMART_EVENT_PASSENGER_REMOVED"
        ]
    },
    {
        "name": "Data & counter",
        "group_members": [
            "SMART_EVENT_DATA_SET",
            "SMART_EVENT_COUNTER_SET"
        ]
    },
    {
        "name": "Game events",
        "group_members": [
            "SMART_EVENT_GAME_EVENT_START",
            "SMART_EVENT_GAME_EVENT_END"
        ]
    },
    {
        "name": "Timed events",
        "group_members": [
            "SMART_EVENT_TIMED_EVENT_TRIGGERED"
        ]
    },
    {
        "name": "Areatrigger",
        "group_members": [
            "SMART_EVENT_AREATRIGGER_ONTRIGGER"
        ]
    },
    {
        "name": "Distance",
        "group_members": [
            "SMART_EVENT_DISTANCE_CREATURE",
            "SMART_EVENT_DISTANCE_GAMEOBJECT",
            "SMART_EVENT_IS_BEHIND_TARGET",
            "SMART_EVENT_NEAR_PLAYERS_AC",
            "SMART_EVENT_NEAR_PLAYERS_NEGATION_AC",
            "SMART_EVENT_NEAR_UNIT_AC",
            "SMART_EVENT_NEAR_UNIT_NEGATION_AC",
            "SMART_EVENT_AREA_CASTING_AC",
            "SMART_EVENT_AREA_RANGE_AC"
        ]
    },
    {
        "name": "Health; mana",
        "group_members": [
            "SMART_EVENT_RECEIVE_HEAL",
            "SMART_EVENT_HEALT_PCT",
            "SMART_EVENT_MANA_PCT",
            "SMART_EVENT_TARGET_HEALTH_PCT",
            "SMART_EVENT_FRIENDLY_HEALTH",
            "SMART_EVENT_FRIENDLY_HEALTH_PCT",
            "SMART_EVENT_FRIENDLY_HEALTH_PCT_AC",
            "SMART_EVENT_FRIENDLY_HEALTH_PCT_TC_CATA",
            "SMART_EVENT_TARGET_MANA_PCT"
        ]
    },
    {
        "name": "Gameobject",
        "group_members": [
            "SMART_EVENT_GO_STATE_CHANGED",
            "SMART_EVENT_GO_EVENT_INFORM"
        ]
    },
    {
        "name": "Transport",
        "group_members": [
            "SMART_EVENT_TRANSPORT_ADDPLAYER",
            "SMART_EVENT_TRANSPORT_ADDCREATURE",
            "SMART_EVENT_TRANSPORT_REMOVE_PLAYER",
            "SMART_EVENT_TRANSPORT_RELOCATE"
        ]
    },
    {
        "name": "Instance",
        "group_members": [
            "SMART_EVENT_INSTANCE_PLAYER_ENTER"
        ]
    },
    {
        "name": "Scene",
        "group_members": [
            "SMART_EVENT_SCENE_START",
            "SMART_EVENT_SCENE_CANCEL",
            "SMART_EVENT_SCENE_COMPLETE"
        ]
    }
]